productName;typeOfProduct;ingredients;size;price
Aerified;postre;Nissan-Comedy-Mitsubishi-Comedy;para dos;17465
Pizza;adicional;Lexus-Comedy Drama Romance-Pontiac-Documentary;para dos;7250
Pasta;bebida;Toyota-Comedy Crime-Dodge-Drama Romance;personal;7711
Helado;postre;Pontiac-Drama-Jeep-Documentary;personal;11655
Pastel;postre;Land Rover-Romance-Toyota-Comedy;para dos;10721
Marranita;entrada;Subaru-Comedy Horror-Porsche-Drama Film Noir Thriller;personal;7901
Limonada;bebida;Dodge-Comedy-Merkur-Drama;personal;17300
Alpha;bebida;Porsche-Crime Drama Romance-Ford-Drama Thriller;para dos;16489
Brownie;postre;Porsche-Comedy Drama-Maybach-Comedy Romance;para dos;19895
Empanada;entrada;Isuzu-Documentary-Oldsmobile-Crime Horror Mystery Sci Fi;para dos;13187
Costilla;plato principal;Buick-Documentary-Buick-Comedy;para dos;11180
Alpha4444;postre;Audi-Comedy-Toyota-Drama;para dos;17178
Gaseosa;bebida;Audi-Thriller-Mercury-Action Mystery Thriller;para dos;16441
Sushi;plato principal;Nissan-Action-Toyota-Comedy;para dos;7746
Lumpia;adicional;Nissan-Crime-GMC-Action Crime Drama;para dos;18195
Chop Suey;plato principal;Audi-Comedy Drama Musical Romance-Honda-Comedy;para dos;14455
Malteada;bebida;Volkswagen-Drama-Jaguar-Horror;personal;18370
Ensalada de frutas;adicional;Maybach-Horror-Isuzu-Adventure Animation Fantasy Romance;para dos;12349
Ensalada de verduras;adicional;Maybach-Documentary-Suzuki-Action Drama;personal;17830
Pescado frito;plato principal;Acura-Crime Drama-Cadillac-Comedy Romance;para dos;7916
Te;bebida;Land Rover-Drama-Mazda-Drama Musical;para dos;16899
Croquetas;entrada;GMC-Horror Mystery Thriller-Subaru-Drama;personal;8331
Alphazap;postre;BMW-Comedy Drama-Buick-Drama;personal;12218
Andalax;postre;Ford-Adventure Comedy Western-Ford-Crime Drama;para dos;5638
Asoka;bebida;Acura-Comedy Drama-Dodge-Comedy Drama;personal;10320
Bamity;plato principal;Pontiac-Comedy Crime Thriller-Chevrolet-Crime Drama War;personal;12067
Bigtax;adicional;Land Rover-Comedy Drama-Lincoln-Action Drama Sci Fi;personal;7977
Biodex;postre;Chrysler-Action-Saab-Documentary;para dos;12616
Bitchip;adicional;Volvo-Drama Romance-Hyundai-Western;para dos;11356
Bitwolf;adicional;Mazda-Drama Thriller-GMC-Mystery Thriller;para dos;14712
Bytecard;bebida;Plymouth-Comedy Musical-Ford-Drama;para dos;12455
Cardguard;plato principal;Mitsubishi-Drama-Mercedes Benz-Comedy;para dos;16205
Cardify;bebida;GMC-Horror Thriller-Infiniti-Comedy;personal;8756
Cookley;adicional;Dodge-Comedy-BMW-Sci Fi;personal;12083
Daltfresh;plato principal;Suzuki-Drama Western-Toyota-Mystery;personal;18511
Domainer;plato principal;Dodge-Romance-Nissan-Drama;personal;11417
Duobam;plato principal;Isuzu-Action Sci Fi-Mercury-Documentary;personal;8989
Fintone;entrada;Mercury-Documentary-Cadillac-Crime Drama;personal;11855
Fix San;adicional;Kia-Drama-Volkswagen-Action Adventure Drama War;para dos;11951
Fixflex;bebida;Audi-Action Romance-Geo-Action Adventure Drama Romance Western;personal;18088
Flexidy;entrada;Porsche-Crime Drama Thriller-Dodge-Action Crime;personal;11435
Flowdesk;entrada;Subaru-Comedy Fantasy Romance-Chrysler-Action Adventure Comedy Fantasy Mystery;para dos;8757
Gembucket;bebida;Pontiac-Comedy-Mercedes Benz-Horror Sci Fi;para dos;12986
Greenlam;bebida;Volkswagen-Drama Film Noir-CitroÃ«n-Animation Comedy Fantasy Musical;personal;16671
Hatity;entrada;Toyota-Drama Romance-GMC-Comedy Drama;personal;16075
Holdlamis;bebida;Porsche-Drama-Chevrolet-Thriller;para dos;5733
Home Ing;bebida;Buick-Documentary-Dodge-Comedy Drama;personal;9094
It;entrada;Chevrolet-Drama Romance Thriller War-Ford-Drama Romance;personal;12084
Job;adicional;Ford-Documentary-Chevrolet-Action Drama;para dos;9448
Kanlam;postre;Honda-Drama-Chevrolet-Comedy Drama;para dos;11781
Keylex;entrada;Hyundai-Comedy Horror Sci Fi-Mitsubishi-Romance;para dos;8935
Konklab;entrada;Volkswagen-Animation-Mercury-Documentary;personal;11110
Konklux;plato principal;Pontiac-Action Sci Fi Thriller-Volkswagen-Drama IMAX;para dos;10815
Latlux;entrada;Chevrolet-Crime Drama Thriller-Chevrolet-Crime Drama;para dos;13947
Lotlux;plato principal;Chevrolet-Comedy-Land Rover-Drama Western;personal;10942
Lotstring;adicional;Volkswagen-Adventure Documentary Drama-Mercury-Horror Thriller;personal;16541
Mat Lam Tam;plato principal;Lexus-Adventure Drama Fantasy-Mitsubishi-Comedy Drama;para dos;19244
Matsoft;postre;Mitsubishi-Comedy-Chrysler-Comedy Drama;para dos;7915
Namfix;entrada;Nissan-Adventure Children Musical-Volvo-Comedy Documentary Drama;personal;11350
Opela;plato principal;Lincoln-Horror-Mercedes Benz-Comedy Drama Fantasy Romance Thriller;para dos;12952
Otcom;adicional;Mitsubishi-Adventure Animation Sci Fi-CitroÃ«n-Horror Thriller;para dos;19787
Overhold;adicional;Infiniti-Comedy Romance-Mazda-Drama;para dos;16152
Pannier;postre;Ford-Comedy-Mazda-Animation Children Comedy Horror;personal;7614
Prodder;postre;Mitsubishi-Animation-Hyundai-Drama;personal;11411
Quo Lux;adicional;Dodge-Drama Romance-Dodge-Documentary;personal;14283
Rank;entrada;BMW-Children Drama Fantasy-Pontiac-Drama Horror Sci Fi;para dos;16999
Redhold;adicional;Buick-Comedy-Ford-Drama;para dos;5089
Regrant;entrada;Ford-Drama-Mazda-Comedy;personal;12391
Ronstring;bebida;Mitsubishi-Drama-GMC-Drama;para dos;12583
Solarbreeze;postre;Suzuki-Animation Comedy War-Dodge-Comedy;personal;5163
Sonair;adicional;Dodge-Comedy Fantasy-Dodge-Action Drama Romance Sci Fi;para dos;7678
Sonsing;adicional;Volkswagen-Crime Thriller-Nissan-Action Drama;para dos;5106
Span;postre;Honda-Drama-Volvo-Horror;personal;16580
Stim;plato principal;Chrysler-Crime Drama-Pontiac-Action;personal;14953
Stringtough;bebida;Buick-Drama Romance-Hyundai-Drama Romance;para dos;17868
Stronghold;plato principal;Subaru-Comedy-Volvo-Documentary Musical;personal;17590
Sub-Ex;bebida;Kia-Horror Sci Fi-Nissan-Comedy Romance;personal;8609
Subin;entrada;Subaru-Comedy-Mazda-Documentary Drama;personal;17849
Tampflex;adicional;Pontiac-Children Comedy Musical-Mercedes Benz-Crime Drama Mystery;personal;8567
Temp;entrada;Audi-Drama-Chevrolet-Drama Romance;para dos;13091
Tempsoft;adicional;Suzuki-Comedy Drama Romance-Ford-Mystery Thriller;para dos;9628
Tin;bebida;BMW-Drama Romance-Bentley-Crime Drama;para dos;7278
Toughjoyfax;adicional;GMC-Adventure Comedy Crime-Nissan-Action Crime Drama Thriller;para dos;6047
Transcof;adicional;GMC-Action Animation Crime-Mercury-Comedy Drama;personal;14954
Treeflex;bebida;Buick-Crime-Pontiac-Drama;personal;13940
Tresom;adicional;Buick-Comedy-Mercedes Benz-Action Adventure Sci Fi Thriller IMAX;personal;14618
Tres-Zap;bebida;Volkswagen-Comedy-Dodge-Crime Thriller;personal;19719
Trippledex;plato principal;Dodge-Horror Thriller-Audi-Thriller;personal;17662
Vagram;postre;Audi-Adventure Drama Romance Thriller War-Dodge-Animation Crime Drama;para dos;6740
Ventosanzap;adicional;Chrysler-Comedy-Mercedes Benz-Adventure Drama War;personal;13164
Veribet;adicional;Scion-Comedy-Austin-Documentary;para dos;14671
Viva;bebida;Hyundai-Comedy Drama-Buick-Comedy Drama;personal;13657
Voltsillam;bebida;Lexus-Sci Fi-Toyota-Crime Drama Thriller;personal;10250
Voyatouch;postre;Mazda-Queso-Fillmore-Comedy Documentary;para dos;13794
Wrapsafe;bebida;Lexus-Thriller-Mazda-Crime Thriller;personal;18424
Y-find;entrada;Geo-Documentary-Honda-Comedy Drama Romance;personal;6846
Y-Solowarm;adicional;Chrysler-Comedy-Chevrolet-Action Comedy Crime Thriller;personal;5774
Zaam-Dox;entrada;BMW-Action Drama-Audi-Drama;personal;17954
Zamit;adicional;Ford-Comedy Musical Romance Western-Ferrari-Comedy Horror Mystery Thriller;para dos;18186
Zathin;postre;Mazda-Drama Thriller-Pontiac-Animation Children;para dos;9504
Zontrax;plato principal;Land Rover-Comedy Documentary-Mitsubishi-Drama;personal;5390
Zoolab;entrada;Buick-Comedy Thriller-Pontiac-Drama Romance;para dos;11068
Amravati;plato principal;Ford-Adventure Children-Lamborghini-Drama Horror Thriller;personal;16500
Amritsar;adicional;Nissan-Comedy-Land Rover-Comedy;personal;12842
Anantapur;plato principal;Chevrolet-Comedy-Ford-Documentary War;para dos;6665
Anchorage;entrada;Chevrolet-Action Adventure Crime Drama Sci Fi Thriller War-Pontiac-Drama;personal;19446
Ansan;entrada;Subaru-Drama-Dodge-Fantasy;para dos;13648
Arsimont;entrada;Cadillac-Children Comedy-Mazda-Drama;personal;14099
Beausejour;plato principal;Honda-Drama-Buick-Action Adventure Animation Crime Fantasy;personal;6583
Bekasi;adicional;Mercedes Benz-Drama Romance-Audi-Comedy Horror;personal;17038
Birori;bebida;Honda-Action Comedy Crime-Mercedes Benz-Animation Horror Sci Fi;personal;19251
Bismil;plato principal;Toyota-Drama Romance-Dodge-Comedy Romance;personal;14536
Bitterfeld-Wolfen;plato principal;Lincoln-Action Adventure Animation Comedy Sci Fi-Ford-Comedy;personal;15518
Bon Accord;postre;BMW-Action Romance Western-Toyota-Documentary Drama Musical;para dos;7023
Braunau am Inn;bebida;Audi-Drama Romance Thriller-Mitsubishi-Action Adventure;para dos;9892
Bucaramanga;plato principal;Suzuki-Comedy Horror-Lotus-Drama;personal;12773
Bulnes;postre;Mercedes Benz-Drama-Chrysler-Drama;personal;10044
Caccamo;adicional;Toyota-Thriller-GMC-Drama;para dos;16445
Campagna;adicional;Buick-Drama-GMC-Comedy Romance;personal;7334
Casalvieri;adicional;Toyota-Comedy-Dodge-Animation Comedy Sci Fi War;personal;7183
Cellara;adicional;Ford-Western-Cadillac-Adventure Drama;para dos;17934
Crystal Springs;plato principal;Ford-Drama Romance-Acura-Comedy Romance;para dos;6558
Cuernavaca;plato principal;Honda-Adventure Children Drama-Dodge-Crime Mystery;personal;10530
Cumaribo;adicional;Ford-Drama-Dodge-Comedy Romance;personal;8486
Curepto;postre;Chevrolet-Horror Mystery Thriller-Acura-Action Comedy Thriller;personal;18302
Daknam;plato principal;Mazda-Comedy Musical-Mitsubishi-Thriller;personal;7123
Deerlijk;entrada;GMC-Comedy Drama-Ford-Crime Drama;personal;8032
East Linton;plato principal;Plymouth-Comedy Crime Drama-Mitsubishi-Drama;personal;11984
Emarèse;postre;Acura-Children Comedy-Lexus-Crime Drama Romance;para dos;5219
Enns;entrada;Bentley-Comedy Horror-Nissan-Action Crime;para dos;5909
Firozabad;plato principal;Buick-Drama-Audi-Drama Romance;para dos;11317
Fort Good Hope;bebida;Nissan-Drama-Mitsubishi-Comedy;para dos;12230
Fresno;plato principal;Mitsubishi-Action Horror Sci Fi Thriller-Mitsubishi-Comedy Horror;para dos;7118
Geleen;postre;Ford-Adventure Fantasy Romance-Cadillac-Action Horror Sci Fi;para dos;14516
Gorakhpur;bebida;Mercury-Drama Musical-Chevrolet-Thriller;personal;7058
Grande Cache;adicional;Volkswagen-Action Adventure Comedy Crime-Audi-Action Fantasy Horror Thriller;para dos;7934
Grey County;plato principal;Subaru-Drama Thriller-BMW-Drama Thriller;personal;16707
Helena;adicional;Pontiac-Comedy-Ford-Comedy Crime Romance;para dos;14110
Jackson;postre;Mercedes Benz-Action Adventure Comedy Fantasy-Dodge-Drama Musical;para dos;14422
Jhelum;entrada;Plymouth-Comedy Romance-Saturn-Drama Romance;personal;15748
Kashira;bebida;Acura-Adventure Drama-Suzuki-Documentary;personal;15129
Laakirchen;adicional;Mitsubishi-Romance Western-Volkswagen-Comedy Drama;para dos;5137
Lac-Serent;adicional;Chevrolet-Comedy-Oldsmobile-Thriller;para dos;14012
Laino Castello;plato principal;Mazda-Children-Alfa Romeo-Comedy;personal;7399
Lakewood;adicional;Audi-Action Drama-Nissan-Adventure;personal;10270
Le Cannet;entrada;Mazda-Drama-Chrysler-Action Children Comedy Romance;para dos;14832
Le Mans;bebida;Dodge-Comedy Romance-GMC-Documentary;para dos;16673
Lembeek;bebida;Kia-Comedy Drama Romance-Pontiac-Comedy Drama;personal;13053
Ligny;bebida;Pontiac-Drama-Chrysler-Documentary;personal;6169
?ód?;entrada;Chrysler-Drama Romance-Oldsmobile-Drama;para dos;18458
Los Angeles;postre;Infiniti-Action Adventure Comedy Crime-Porsche-Drama;para dos;7716
Mainz;plato principal;Mitsubishi-Comedy Drama Fantasy Romance-Suzuki-Action Comedy Sci Fi;para dos;11474
Malle;postre;Mazda-Thriller-Chevrolet-Comedy Drama;personal;10732
Marcq-en-Baroeul;entrada;Mitsubishi-Adventure Comedy Drama-Nissan-Drama War;para dos;19234
Massimino;postre;Land Rover-Drama-Mercedes Benz-Documentary War;para dos;8025
Medea;entrada;GMC-Drama-Ford-Drama;personal;6393
Midlands;plato principal;Mercedes Benz-Drama-Saab-Musical;personal;11505
Mondolfo;postre;Hyundai-Comedy Drama Romance-Pontiac-Comedy Romance;para dos;10372
Morpeth;postre;Cadillac-Drama Romance War-Suzuki-Comedy;personal;17736
North Dum Dum;entrada;Ford-Drama-Plymouth-Adventure;personal;5377
Oldenzaal;entrada;Mercedes Benz-Horror-Suzuki-Documentary;personal;14593
Opglabbeek;adicional;Infiniti-Comedy Crime Drama-Land Rover-Horror Sci Fi;personal;17078
Orbais;adicional;GMC-Drama-Buick-Drama War;para dos;12530
Ortacesus;entrada;Ford-Crime Documentary Drama War-Chrysler-Comedy;para dos;18894
Pavlovsky Posad;entrada;Hyundai-Action Adventure-Ford-Comedy Romance;para dos;17934
Piringen;entrada;Ford-Comedy Drama Western-Land Rover-Crime Drama;personal;12043
Pittsburgh;postre;Ford-Comedy Crime Drama Musical-Ford-Action Drama Thriller;personal;16614
Portsmouth;adicional;Dodge-Thriller-Nissan-Drama Thriller;para dos;8916
Puno;adicional;Toyota-Drama-Chevrolet-Comedy Drama Romance;personal;17935
Rahim Yar Khan;entrada;Infiniti-Comedy Drama-Jeep-Comedy Drama Fantasy Musical;personal;11843
Remscheid;adicional;Kia-Comedy Musical Romance-Acura-Action Drama War;personal;7857
Richmond;adicional;Buick-Action Drama-Ford-Comedy;para dos;6490
Ried im Innkreis;postre;Toyota-Documentary-Subaru-Drama;personal;5285
Rocky View;adicional;Cadillac-Fantasy Horror-BMW-Drama;personal;12832
Rüsselsheim;entrada;Mitsubishi-Documentary-Buick-Comedy Drama;personal;9848
Sainte-Marie-Chevigny;bebida;Ford-Animation Fantasy-Chevrolet-Action Crime Mystery Thriller;para dos;15932
Saint-Malo;bebida;Lincoln-Horror Western-Toyota-Drama Romance;personal;5248
San Giovanni la Punta;entrada;Volvo-Adventure Drama Mystery Thriller-Mazda-Action Drama Horror Thriller;para dos;16437
Santarém;entrada;Subaru-Drama-Mercedes Benz-Drama;personal;19854
Sargodha;bebida;Mazda-Drama-Chevrolet-Drama Thriller;para dos;6317
Scalloway;plato principal;Subaru-Documentary-Maserati-Comedy Drama Romance;para dos;9729
Serramonacesca;plato principal;Land Rover-Documentary-Buick-Documentary;personal;18951
Sim;plato principal;BMW-Action Crime Mystery Romance Thriller-Toyota-Drama War;personal;11468
Snezhinsk;postre;Mazda-Documentary-Isuzu-Action Adventure Thriller IMAX;personal;13940
Solesino;bebida;Mazda-Drama War-Lincoln-Horror Thriller;personal;7881
Sotteville-lès-Rouen;adicional;Chrysler-Adventure Crime Drama-Infiniti-Comedy Crime Mystery Romance;para dos;12863
Springfield;plato principal;Hyundai-Drama-Plymouth-Action Adventure Fantasy IMAX;para dos;9624
Tongeren;postre;Jaguar-Adventure Children Drama-Subaru-Drama;para dos;13102
Tula;plato principal;Cadillac-Drama Sci Fi-Toyota-Adventure Comedy Romance;para dos;5932
Van;entrada;Pontiac-Comedy-GMC-Comedy Drama Romance;personal;7365
Vezin;plato principal;Dodge-Drama-Hyundai-Drama;personal;18981
Vezzi Portio;bebida;Chrysler-Comedy-Mazda-Mystery Thriller;personal;11333
Weiterstadt;adicional;Nissan-Documentary-Lexus-Comedy;para dos;13158
Wernigerode;bebida;Lincoln-Adventure Drama-Volkswagen-Action Drama;personal;5970
Weyburn;plato principal;Mercedes Benz-Comedy Drama Romance-Subaru-Drama Sci Fi Thriller;personal;5929
Wibrin;adicional;Scion-Comedy Romance-Suzuki-Comedy Musical Romance;para dos;13607
Wichita;postre;Ford-Comedy-Kia-Drama;para dos;7094
Wrigley;bebida;Honda-Drama-Pontiac-Western;para dos;19009
Zapallar;bebida;Toyota-Comedy Romance-Chevrolet-Comedy Horror;para dos;17459
Zaria;plato principal;Chevrolet-Documentary-GMC-Drama Romance;para dos;13480
Zwolle;postre;Nissan-Comedy Mystery-Chevrolet-Thriller;para dos;18301
Hong Kong;adicional;Nissan-Comedy-Hyundai-Drama Sci Fi;para dos;8086
Israel;adicional;Ford-Action Crime Thriller-Volkswagen-Adventure Comedy Drama;para dos;19611
China;plato principal;BMW-Action-GMC-Adventure Fantasy Sci Fi;personal;5640
Sierra Leone;adicional;Dodge-Drama Musical Romance-Hyundai-Drama Mystery Thriller;para dos;15531
Azerbaijan;bebida;Plymouth-Comedy Romance-Audi-Crime Drama Thriller;para dos;16272
Sint Maarten;entrada;Dodge-Comedy Romance-Toyota-Drama;personal;19693
Uzbekistan;postre;Toyota-Documentary-Mercedes Benz-Adventure Drama Thriller;para dos;10541
Ghana;plato principal;Suzuki-Action Adventure Sci Fi-Porsche-Action Adventure;personal;14553
Eritrea;postre;Chevrolet-Comedy Drama Romance-Ford-Adventure Western;personal;9636
Andorra;postre;Pontiac-Action Adventure Sci Fi-Chevrolet-Crime Thriller;personal;18851
Isle of Man;adicional;Hyundai-Queso-Chrysler-Documentary;personal;16122
South Georgia and The South Sandwich Islands;postre;Ford-Horror Thriller-Acura-Action Sci Fi;personal;16507
Iraq;postre;Volvo-Crime Drama Thriller-Honda-Comedy Romance;para dos;17454
Liechtenstein;entrada;Acura-Documentary-Buick-Sci Fi;para dos;8704
Peru;adicional;Lamborghini-Crime Drama Film Noir-Ford-Drama Romance;para dos;16735
Portugal;entrada;Mercedes Benz-Drama-Toyota-Documentary Musical;para dos;6472
Haiti;adicional;Subaru-Documentary-Scion-Comedy Drama Romance;personal;12495
Malta;entrada;Ford-Action Romance Western-Pontiac-Drama Horror;personal;17852
Estonia;plato principal;Lincoln-Action Comedy Crime-Infiniti-Documentary;personal;7597
United Kingdom (Great Britain);postre;Cadillac-Adventure Drama-Toyota-Comedy Horror;personal;5647
Niger;plato principal;Isuzu-Documentary-Dodge-Drama;para dos;10355
New Zealand;entrada;BMW-Drama-Chevrolet-Drama;personal;17651
Guatemala;entrada;Saturn-Crime Film Noir-Ford-Comedy;personal;16427
Faroe Islands;entrada;Toyota-Drama-Audi-Action Mystery Thriller;personal;13979
Northern Mariana Islands;adicional;Mercury-Drama Romance Thriller-Volvo-Documentary;personal;15754
Japan;plato principal;Ford-Documentary Musical-Volvo-Comedy Crime Thriller;para dos;19285
Tokelau;bebida;Land Rover-Comedy-Mitsubishi-Action Animation Fantasy;para dos;18760
New Caledonia;adicional;Audi-Action Crime Drama-Mazda-Comedy Fantasy;personal;10989
Uganda;adicional;Pontiac-Comedy Romance-Lincoln-Drama;para dos;5020
Viet Nam;adicional;Kia-Drama-Jeep-Comedy;personal;19204
Lithuania;entrada;Land Rover-Drama-Ford-Drama Thriller;para dos;7974
Bosnia and Herzegovina;plato principal;GMC-Comedy Fantasy-Land Rover-Drama;personal;6532
Barbados;entrada;Mercedes Benz-Drama Romance Thriller-Dodge-Comedy Drama;para dos;6346
Hungary;bebida;Toyota-Comedy Fantasy Romance-Jaguar-Animation Children;para dos;10099
Niue;postre;Mazda-Drama-Nissan-Comedy Drama;personal;6362
Saint Vincent and The Grenadines;postre;Lamborghini-Documentary-Cadillac-Drama Thriller;para dos;11332
Montenegro;entrada;Chevrolet-Drama-Mazda-Drama;personal;14861
Liberia;postre;Lexus-Documentary-Toyota-Comedy Romance;para dos;10949
Korea, South;adicional;Audi-Drama War-Mazda-Romance Sci Fi;personal;14713
Ethiopia;adicional;Isuzu-Drama-Lexus-Mystery Romance Thriller;personal;7717
Swaziland;entrada;Dodge-Comedy Horror Sci Fi-Land Rover-Drama;personal;19334
Angola;entrada;Infiniti-Musical-Volvo-Comedy Crime Drama;personal;19989
Macedonia;bebida;Buick-Animation Sci Fi-Honda-Crime Drama Thriller;para dos;19330
Kyrgyzstan;bebida;Acura-Animation-Volkswagen-Animation;personal;7954
Tanzania;plato principal;Lincoln-Comedy Fantasy-Pontiac-Comedy Western;para dos;18432
Bulgaria;bebida;Chrysler-Crime Drama Romance-Cadillac-Comedy Fantasy Romance;personal;9557
Sri Lanka;plato principal;Chevrolet-Drama-Mercedes Benz-Drama Romance;para dos;16865
Algeria;postre;Lincoln-Drama-Saturn-Drama Horror Mystery Thriller;personal;14882
France;adicional;GMC-Comedy Drama-Porsche-Adventure Animation Comedy;personal;7944
Colombia;entrada;Ford-Comedy-Toyota-Horror Sci Fi;personal;17900
Equatorial Guinea;adicional;Mitsubishi-Drama-Pontiac-Crime Film Noir Thriller;personal;18039
Czech Republic;plato principal;Hyundai-Drama-Chrysler-Drama;personal;6105
Wallis and Futuna;entrada;Cadillac-Drama War-Pontiac-Crime Drama;para dos;8965
Syria;bebida;BMW-Comedy-GMC-Action Thriller;personal;18739
Gabon;adicional;Maserati-Horror Thriller-BMW-Comedy Drama;personal;7580
Bhutan;adicional;Toyota-Horror-Mazda-Horror Thriller;para dos;5700
Åland Islands;postre;Cadillac-Drama Mystery-Ferrari-Comedy Western;para dos;5689
Lebanon;adicional;Bentley-Fantasy Horror Mystery Romance-Ford-Drama Mystery Thriller;personal;18371
Cape Verde;postre;Mitsubishi-Action Comedy Crime Drama-Audi-Comedy;personal;5132
Kenya;bebida;Oldsmobile-Drama-Dodge-Drama;personal;5648
Cocos (Keeling) Islands;plato principal;Hyundai-Comedy Drama-Dodge-Documentary;personal;6279
Mali;plato principal;Chevrolet-Queso-Cadillac-Crime Mystery Romance Thriller;para dos;13487
Rwanda;postre;Pontiac-Thriller-Plymouth-Drama War;personal;18537
Romania;bebida;Mazda-Comedy Drama-Lincoln-Mystery;para dos;16555
Namibia;plato principal;Aston Martin-Action Horror Sci Fi-Ford-Documentary;personal;18290
United States Minor Outlying Islands;entrada;Volvo-Film Noir Thriller-Lotus-Comedy;para dos;16273
Pitcairn Islands;plato principal;Audi-Comedy Musical-Volvo-Documentary;personal;10852
Curaçao;bebida;Pontiac-Drama Thriller-Ford-Drama;personal;16764
Nepal;entrada;Kia-Drama Mystery-Chevrolet-Comedy Drama;personal;18425
Marshall Islands;plato principal;GMC-Drama Fantasy Romance-Toyota-Crime Drama Thriller;personal;12876
Uruguay;entrada;Chevrolet-Comedy-Dodge-Sci Fi;para dos;12257
Qatar;plato principal;Audi-Documentary-Bentley-Crime Drama Thriller;personal;11473
Mozambique;plato principal;Suzuki-Adventure Drama Romance-Mercedes Benz-Drama Mystery;para dos;15262
Montserrat;postre;GMC-Drama-Pontiac-Crime Romance;personal;7175
Norway;bebida;Mercury-Drama Romance-Suzuki-Drama;para dos;12162
Monaco;postre;Dodge-Drama-Lexus-Horror;personal;15878
Kazakhstan;entrada;Honda-Animation Children Fantasy-Buick-Drama;personal;6966
Paraguay;postre;Lexus-Action Adventure Comedy-Kia-Drama;para dos;18923
Belgium;postre;Dodge-Drama Romance-Dodge-Drama;para dos;7981
Tonga;bebida;Volvo-Drama-BMW-Comedy Romance;personal;5334
Mercury;plato principal;Ram-Comedy Crime Drama Sci Fi Thriller-Mercury-Comedy;personal;15487
GMC;entrada;Subaru-Action Adventure Comedy Drama Mystery Romance Thriller-Porsche-Drama;para dos;8878
Acura;bebida;Chrysler-Horror-Chrysler-Action Adventure Thriller;personal;7169
Nissan;adicional;Mitsubishi-Documentary-Volkswagen-Action Adventure Crime Drama Thriller;para dos;12913
Chevrolet;postre;Lexus-Comedy Horror-Chrysler-Western;para dos;8620
Cadillac;entrada;Isuzu-Drama-Oldsmobile-Drama Horror Mystery;para dos;15817
Audi;adicional;Audi-Comedy Horror Romance-Mazda-Action Comedy Crime;personal;17572
Ford;postre;Ford-Drama Romance-Peugeot-Comedy;para dos;12613
Isuzu;plato principal;Mazda-Documentary-Volkswagen-Drama;personal;11641
Mazda;bebida;Dodge-Drama Fantasy-Ford-Horror;para dos;14922
Kia;bebida;Lincoln-Western-Chrysler-Comedy;para dos;13278
Porsche;plato principal;Dodge-Adventure Romance-Lexus-Queso;para dos;6822
Pontiac;postre;Dodge-Thriller-Dodge-Comedy;para dos;17291
BMW;postre;Mazda-Comedy Crime Mystery Thriller-Mazda-Comedy;para dos;17657
Suzuki;bebida;GMC-Crime Drama Romance-Infiniti-Crime Drama Thriller;para dos;6401
Toyota;plato principal;Oldsmobile-Comedy-Pontiac-Crime Documentary;para dos;16047
Volvo;adicional;Chevrolet-Adventure Animation Children Fantasy Musical-Ford-Documentary;para dos;15509
Scion;adicional;Buick-Drama Mystery Romance-Audi-Comedy Romance War;para dos;18306
Dodge;adicional;Ford-Adventure Animation Children Musical-GMC-Comedy Drama;personal;12778
Honda;entrada;Chevrolet-Thriller-Dodge-Documentary;para dos;7823
Volkswagen;entrada;Ford-Action Drama-Acura-Comedy Crime Mystery;para dos;9520
Buick;plato principal;Toyota-Comedy-Saab-Action Crime Thriller;para dos;19638
Oldsmobile;adicional;Mercedes Benz-Drama Mystery-GMC-Drama Romance;para dos;7848
Land Rover;entrada;Ford-Drama Musical Romance-Acura-Documentary;personal;17340
Plymouth;plato principal;Bentley-Drama-Chevrolet-Queso;personal;11255
Maybach;postre;Honda-Crime Drama-Hillman-Comedy;personal;7492
Lotus;bebida;Porsche-Thriller Western-MINI-Documentary;personal;10513
Maserati;postre;Lotus-Drama-Lincoln-Comedy Drama Fantasy;para dos;8297
Hyundai;entrada;Pontiac-Drama-BMW-Action Sci Fi;personal;14676
Saturn;bebida;Mitsubishi-Crime Horror-Lexus-Comedy Crime;personal;18000
Jeep;entrada;Chevrolet-Drama-GMC-Drama Romance;personal;18783
Aston Martin;plato principal;Oldsmobile-Action Fantasy Sci Fi Thriller War-Oldsmobile-Action Crime Drama;personal;16951
Lexus;bebida;Pontiac-Action-Chevrolet-Drama Horror Thriller;personal;7467
Infiniti;entrada;Volvo-Drama Romance War-Acura-Drama Mystery;personal;15426
Lamborghini;postre;GMC-Crime Thriller-Oldsmobile-Documentary;para dos;6670
Ram;bebida;Aston Martin-Action Drama Sci Fi-Pontiac-Drama;personal;15894
Mercedes-Benz;bebida;Buick-Documentary-Cadillac-Drama;para dos;10069
Saab;entrada;Toyota-Action Crime Film Noir-Pontiac-Drama Mystery Thriller;personal;11323
Chrysler;bebida;Pontiac-Documentary-Lamborghini-Drama;para dos;19510
Lincoln;postre;Chevrolet-Comedy Fantasy Romance-Buick-Comedy Crime;personal;5336
Subaru;bebida;Ford-Comedy Drama-BMW-Comedy Romance;para dos;13598
Ferrari;plato principal;Mazda-Comedy Romance-Mitsubishi-Drama;para dos;12918
Mitsubishi;entrada;Acura-Drama-Nissan-Comedy;para dos;19443
Alfa Romeo;plato principal;Toyota-Comedy Horror Thriller-Bentley-Documentary Horror;para dos;16911
Geo;entrada;Jeep-Action Sci Fi Thriller-Dodge-Documentary;para dos;12978
Jaguar;adicional;GMC-Horror Mystery Thriller-Chevrolet-Action Thriller;personal;18069
MINI;adicional;Saab-Comedy Drama Musical-Toyota-Action Drama;para dos;15685
Hummer;postre;Mercedes Benz-Drama Romance-Saturn-Documentary;para dos;19991
Bugatti;postre;Eagle-Romance-Subaru-Crime Horror Mystery Sci Fi Thriller;para dos;6645
Smart;bebida;Ford-Comedy Documentary-Nissan-Action Sci Fi IMAX;personal;8986
Bentley;bebida;Nissan-Drama-Toyota-Crime Horror Thriller;personal;14056
Austin;entrada;BMW-Drama-Kia-Documentary;para dos;13649
Eagle;adicional;Lincoln-Crime Film Noir Thriller-Suzuki-Documentary;personal;14358
Pink;bebida;BMW-Drama Horror Thriller-Mercury-Comedy;para dos;19984
Puce;postre;Mazda-Adventure Drama Romance-Toyota-Drama;personal;12817
Violet;entrada;Mercedes Benz-Drama Musical Mystery-Mercedes Benz-Comedy Drama;personal;6052
Aquamarine;entrada;Mazda-Crime Drama Film Noir-Ford-Documentary;para dos;19689
Mauv;postre;Toyota-Adventure Comedy Drama-Chevrolet-Action Drama Sci Fi Thriller;personal;19144
Teal;entrada;Ford-Crime Drama-Dodge-Drama;personal;17731
Fuscia;adicional;Dodge-Drama Romance-Toyota-Action Drama;personal;12344
Yellow;entrada;Ford-Thriller-Dodge-Crime Documentary;personal;7695
Blue;plato principal;Audi-Drama-Scion-Western;personal;13569
Turquoise;bebida;Daewoo-Drama War-Mazda-Drama;para dos;14360
Goldenrod;entrada;Chevrolet-Drama-Pontiac-Drama;para dos;17623
Green;entrada;Isuzu-Drama-Chrysler-Drama;personal;15017
Crimson;entrada;Hyundai-Horror Mystery Thriller-Audi-Comedy Romance;para dos;13435
Khaki;entrada;GMC-Documentary-Mitsubishi-Drama;para dos;8720
Orange;bebida;Chevrolet-Drama Romance-Honda-Action Drama Romance Western;personal;17272
Purple;postre;Dodge-Comedy Drama-Bentley-Drama Horror Thriller;personal;17779
Indigo;bebida;Mercury-Comedy-GMC-Children Comedy;para dos;16599
Maroon;bebida;Pontiac-Action Comedy-Jensen-Comedy;personal;9975
Red;adicional;Saturn-Comedy-Mitsubishi-Animation;personal;17129
consectetuer;postre;Chevrolet-Action Drama Mystery Thriller-Dodge-Comedy Fantasy;para dos;9011
vestibulum;entrada;Ford-Drama-Dodge-Comedy;para dos;8420
lorem;postre;Peugeot-Drama-Isuzu-Crime Thriller;para dos;11946
mus;adicional;Bentley-Comedy-Chevrolet-Drama;para dos;12946
nulla;postre;Ford-Comedy Romance-Mazda-Drama;para dos;11438
eu;adicional;Infiniti-Documentary-Mercedes Benz-Drama Romance War;para dos;9803
integer;bebida;Mitsubishi-Thriller-Chevrolet-Horror Sci Fi;personal;6849
vel;adicional;BMW-Comedy Crime Drama-Ford-Adventure Crime Drama Fantasy Mystery Thriller;personal;13085
eget;entrada;Audi-Western-GMC-Drama;para dos;5374
morbi;bebida;Toyota-Children Drama-Hummer-Drama Romance Sci Fi;personal;8233
in;bebida;Ferrari-Adventure Animation Children Comedy-Kia-Drama War;personal;7240
sed;bebida;GMC-Documentary Western-Saturn-Comedy Horror;personal;13519
congue;entrada;Infiniti-Comedy Documentary Drama Romance-Eagle-Comedy Horror;personal;12127
suspendisse;postre;Chrysler-Drama Horror Thriller-Renault-Children Drama Fantasy;personal;12742
neque;postre;Mazda-Documentary-Jaguar-Documentary;personal;6737
quam;adicional;Mercury-Drama-Ford-Drama Fantasy Romance Sci Fi;para dos;6126
sit;plato principal;Porsche-Drama Romance-Dodge-Documentary;personal;14205
nunc;bebida;Saturn-Crime Drama-Buick-Drama;personal;19909
curae;bebida;Porsche-Western-Ford-Drama Fantasy;para dos;16493
primis;plato principal;Mazda-Adventure-Mitsubishi-Fantasy Horror;para dos;10463
adipiscing;entrada;Hyundai-Action Animation Children Fantasy Sci Fi-Land Rover-Comedy Musical Romance;para dos;13957
semper;plato principal;Land Rover-Action Comedy Crime-Ford-Documentary;personal;5168
et;entrada;Ford-Children Drama-Chevrolet-Horror;para dos;11662
ridiculus;adicional;BMW-Drama Romance Sci Fi-Dodge-Drama;para dos;10491
amet;postre;BMW-Comedy Drama-Ford-Comedy;para dos;14080
elementum;adicional;Smart-Action Comedy-BMW-Drama Thriller;para dos;6529
justo;entrada;Nissan-Drama Romance War-Honda-Action Adventure War;personal;8150
odio;adicional;Subaru-Drama-Hyundai-Action Drama;para dos;11167
sapien;postre;Ford-Horror-Lincoln-Comedy Drama;para dos;9542
a;postre;Dodge-Comedy Romance-Chevrolet-Drama;personal;8229
nisl;plato principal;Buick-Horror-Dodge-Comedy Crime;personal;5057
pede;adicional;Ford-Queso-Mitsubishi-Drama;para dos;12971
cras;bebida;Chrysler-Drama Romance-Toyota-Comedy;para dos;5124
sem;bebida;Hyundai-Horror-Hyundai-Drama;para dos;14376
mi;entrada;Ford-Drama-Honda-Documentary;para dos;17850
bibendum;adicional;Chrysler-Action Adventure Children-Cadillac-Action Horror Sci Fi;personal;11913
hac;bebida;Ford-Comedy Horror-Audi-Drama Romance;personal;11857
dapibus;plato principal;Dodge-Drama-Jeep-Comedy;para dos;10533
convallis;plato principal;Eagle-Comedy-Mitsubishi-Documentary Drama;personal;16131
volutpat;entrada;Ford-Crime-Chevrolet-Drama Romance;para dos;14156
sodales;entrada;Saab-Drama Romance-Hyundai-Drama;para dos;7600
ultrices;bebida;Toyota-Comedy Romance-Toyota-Documentary;para dos;6077
tincidunt;adicional;Buick-Adventure Drama Romance Thriller War-Saab-Horror;personal;12652
ac;postre;Mercury-Comedy Musical-Toyota-Action Crime Drama;personal;16205
at;adicional;Mitsubishi-Comedy-Pontiac-Animation War;para dos;10762
pharetra;adicional;Chevrolet-Documentary-Acura-Comedy Crime Drama;personal;18585
lobortis;bebida;Mercedes Benz-Drama War-Ford-Action Crime Drama;personal;19371
posuere;plato principal;Ford-Action Adventure Comedy Crime Thriller-Lincoln-Drama;para dos;13278
nec;plato principal;Subaru-Drama Film Noir Mystery-BMW-Romance;personal;16849
tristique;postre;Ford-Film Noir Thriller-Lotus-Comedy Drama;personal;6562
est;entrada;Ford-Horror Thriller-Buick-Drama;personal;7453
libero;plato principal;Toyota-Crime Mystery Thriller-Isuzu-Drama;personal;18270
turpis;plato principal;Mercedes Benz-Western-Honda-Drama;para dos;8194
non;postre;Chrysler-Action Adventure Sci Fi-Pontiac-Comedy Crime Drama Mystery Romance;para dos;7520
donec;adicional;Lexus-Comedy Drama-Mercury-Drama;para dos;11170
ut;postre;Lotus-Crime Drama Horror Mystery Thriller-Ford-Drama Sci Fi Thriller;personal;10799
etiam;postre;Volkswagen-Documentary-GMC-Comedy;para dos;6401
venenatis;entrada;GMC-Drama-Volkswagen-Drama War;personal;15130
accumsan;plato principal;Audi-Comedy Drama-Chevrolet-Action Fantasy;para dos;7702
maecenas;postre;Toyota-Children Comedy Musical Romance-Volkswagen-Comedy;para dos;17236
aliquam;postre;Hyundai-Animation Children Comedy-Audi-Drama;personal;10470
orci;bebida;Mazda-Animation Comedy Drama Romance Sci Fi-GMC-Comedy;para dos;15496
elit;adicional;Smart-Drama-Isuzu-Action Mystery Sci Fi;personal;18304
nisi;plato principal;Porsche-Horror-Porsche-Action Adventure Comedy Romance;personal;16372
faucibus;adicional;Acura-Drama-Dodge-Action Crime Drama Mystery Thriller;para dos;12101
tortor;bebida;Geo-Action Adventure Fantasy Sci Fi-Porsche-Comedy Musical;personal;15726
egestas;adicional;Acura-Action Adventure Comedy Fantasy-Mercury-Mystery Thriller;personal;13506
iaculis;plato principal;Dodge-Comedy-Lexus-Comedy Musical Romance;para dos;5326
velit;bebida;Subaru-Horror Thriller-GMC-Comedy Drama;para dos;6998
dolor;adicional;Lincoln-Action Comedy-Audi-Comedy War;personal;8211
magnis;postre;Ford-Comedy-Pontiac-Thriller;personal;5431
sagittis;plato principal;GMC-Documentary-Chevrolet-Documentary Drama Sci Fi;para dos;9504
augue;postre;Audi-Drama-Audi-Action Adventure Drama War;para dos;10161
id;postre;Ford-Documentary Romance-Toyota-Horror Sci Fi;para dos;19269
proin;bebida;Ford-Queso-Isuzu-Drama Fantasy;para dos;17783
quis;postre;Isuzu-Drama-Ram-Drama Western;personal;8806
parturient;bebida;Dodge-Comedy Drama-Subaru-Comedy Drama Romance;personal;10143
mauris;postre;Chevrolet-Adventure Animation Children Crime Drama-Chevrolet-Crime Drama;para dos;15637
duis;entrada;GMC-Documentary-Dodge-Drama;para dos;9468
consequat;plato principal;GMC-Documentary Musical-Cadillac-Animation;personal;18735
eleifend;postre;Volkswagen-Comedy Crime-Hummer-Adventure Fantasy;para dos;10897
vehicula;bebida;Mercury-Drama-Mitsubishi-Drama War;para dos;15792
ipsum;adicional;Chevrolet-Drama Romance-Cadillac-Comedy Horror;personal;6558
vulputate;bebida;Honda-Drama-Volvo-Horror Mystery Thriller;para dos;19395
luctus;bebida;Mitsubishi-Drama-Ford-Comedy Drama Romance;personal;13173
pretium;adicional;Audi-Horror-Dodge-Drama Horror;personal;15226
rutrum;plato principal;Suzuki-Drama-Porsche-Comedy;para dos;5252
sollicitudin;entrada;Porsche-Crime Thriller-Mitsubishi-Adventure Crime Drama;para dos;10504
viverra;plato principal;Lexus-Documentary-Nissan-Comedy;para dos;9557
lacinia;postre;Acura-Drama-Pontiac-Comedy Drama;personal;6070
porta;postre;Acura-Comedy Crime-Buick-Documentary;para dos;14415
porttitor;adicional;Toyota-Comedy Fantasy Mystery Romance-Chevrolet-Action Adventure Drama;para dos;12537
purus;plato principal;Lincoln-Animation Comedy-Land Rover-Comedy;para dos;9300
cursus;plato principal;Pontiac-Documentary-Ford-Comedy Drama Romance;para dos;9114
felis;entrada;Kia-Thriller War-Lexus-Comedy Romance;para dos;16260
nibh;plato principal;Chevrolet-Comedy Drama-Saturn-Comedy;personal;19604
tempor;postre;Mazda-Horror Mystery-Volkswagen-Comedy Drama;personal;19328
ligula;plato principal;Cadillac-Animation Comedy Drama-Dodge-Crime Thriller War;personal;8295
potenti;bebida;Hummer-Drama Romance Sci Fi-Mitsubishi-Animation Children Fantasy Musical;personal;8157
auctor;bebida;Toyota-Comedy Drama-Lincoln-Comedy;para dos;11059
aliquet;bebida;Toyota-Horror Thriller-GMC-Crime Drama Mystery Thriller;para dos;15057
magna;entrada;Honda-Drama Romance-Geo-Drama Horror Thriller;para dos;14591
montes;adicional;Ford-Drama-Volkswagen-Action Crime Sci Fi;para dos;14458
natoque;plato principal;Chrysler-Drama Horror-MINI-Adventure Animation Comedy Crime;para dos;19524
dictumst;plato principal;Subaru-Action Comedy-Oldsmobile-Action Comedy;personal;12242
praesent;plato principal;Acura-Comedy Musical-Dodge-Drama Mystery War;para dos;15917
tellus;postre;Toyota-Comedy Drama Romance-BMW-Drama;personal;5921
lacus;bebida;Chevrolet-Horror Thriller-Chevrolet-Documentary;para dos;14195
molestie;plato principal;Acura-Comedy Romance-Toyota-Action Adventure Animation Comedy Sci Fi;personal;5599
quisque;entrada;Mercedes Benz-Drama-Acura-Action Crime Drama;personal;6090
nullam;adicional;Chevrolet-Comedy-Ford-Action Adventure War;personal;13794
lectus;postre;Chevrolet-Comedy Drama-Isuzu-Comedy Drama;personal;5207
varius;plato principal;Chrysler-Action Adventure Drama-BMW-Action Adventure Fantasy IMAX;personal;9032
vivamus;plato principal;Buick-Romance-Chevrolet-Drama Thriller;personal;17091
tempus;bebida;Hyundai-Drama-Lamborghini-Drama Romance;para dos;19486
penatibus;adicional;Acura-Action Crime Drama Thriller-Porsche-Animation Comedy;para dos;16312
placerat;plato principal;Hummer-Adventure War-Infiniti-Comedy;personal;16545
ante;adicional;GMC-Documentary-Infiniti-Crime Film Noir Mystery Thriller;personal;6479
scelerisque;adicional;Ford-Drama-Chevrolet-Comedy Romance;para dos;7541
cubilia;postre;Toyota-Adventure Drama War-GMC-Documentary;personal;12839
erat;adicional;Ford-Drama-Porsche-Adventure;para dos;5298
urna;entrada;Toyota-Romance Western-Hyundai-Romance;personal;10874
mattis;plato principal;Chevrolet-Drama Romance-Buick-Musical;personal;9491
diam;plato principal;Lexus-Animation Children-Chevrolet-Crime Horror;para dos;17462
imperdiet;postre;Buick-Western-Pontiac-Documentary;personal;12810
blandit;adicional;Mercury-Adventure Drama Sci Fi-Mazda-Action Fantasy Sci Fi;personal;10463
dis;entrada;Mazda-Animation Children-Nissan-Adventure Drama Western;para dos;19795
leo;plato principal;Lexus-Horror-Saturn-Drama;personal;9582
risus;entrada;Audi-Comedy Drama Horror-Ford-Drama;para dos;8322
phasellus;postre;Subaru-Action-Dodge-Comedy Romance;personal;13382
ornare;bebida;Honda-Comedy Drama Romance-Buick-Documentary;personal;8909
facilisi;adicional;Chevrolet-Drama-Cadillac-Comedy;personal;14031
gravida;adicional;Lexus-Crime Drama-Subaru-Documentary;personal;17889
massa;plato principal;Saab-Adventure Animation Children-Lexus-Action Comedy Romance;personal;5376
rhoncus;bebida;Saab-Comedy Drama-Lamborghini-Comedy;para dos;6826
sociis;adicional;Oldsmobile-Crime Drama Thriller-Bentley-Drama Romance;personal;5007
fusce;bebida;Subaru-Drama Mystery-Honda-Action Comedy Crime Thriller;personal;16066
euismod;bebida;Lamborghini-Drama-Buick-Crime Drama;para dos;18447
pulvinar;bebida;Ford-Crime Drama Thriller-Subaru-Action Crime Drama;personal;12099
metus;adicional;Subaru-Drama War-Volkswagen-Documentary;personal;12812
enim;plato principal;Buick-Drama Romance-Chevrolet-Documentary;para dos;14575
nascetur;bebida;Mercury-Action Crime Drama Thriller-Pontiac-Comedy Drama War;personal;15964
pellentesque;postre;Volkswagen-Action Adventure Animation Drama Fantasy-Hyundai-Drama Musical;personal;17879
platea;postre;Lexus-Queso-Audi-Action Horror;para dos;15356
vitae;bebida;Oldsmobile-Documentary Musical-Nissan-Adventure Children Comedy Fantasy;personal;7363
condimentum;adicional;Chevrolet-Drama Mystery Thriller-Acura-Documentary;para dos;15041
ullamcorper;postre;Cadillac-Comedy-Mercedes Benz-Musical;personal;7391
arcu;entrada;Chevrolet-Comedy-BMW-Crime Drama Film Noir;personal;9914
fringilla;postre;Chevrolet-Comedy Drama Romance-Mitsubishi-Children Comedy Fantasy;personal;11706
dui;adicional;Suzuki-Drama Thriller-GMC-Children Comedy Musical;para dos;12464
cum;entrada;Chrysler-Horror Thriller-Hyundai-Drama Mystery;personal;18753
habitasse;entrada;Dodge-Action Comedy Documentary-Acura-Comedy Drama;personal;11068
nam;adicional;Ford-Fantasy Horror Sci Fi Thriller-Mercury-Action Adventure Drama Thriller;personal;7557
nonummy;adicional;Hyundai-Drama Romance-Honda-Crime Drama Romance;para dos;6650
feugiat;plato principal;Audi-Documentary-Honda-Drama Romance;personal;7375
aenean;plato principal;Kia-Children Musical-GMC-Drama Romance;para dos;12127
fermentum;plato principal;Infiniti-Action Thriller-Ford-Action Crime Drama Romance Thriller;personal;15457
ultricies;entrada;Ford-Drama Romance-Acura-Documentary;para dos;7063
commodo;postre;Infiniti-Drama-Ford-Action Adventure Comedy Sci Fi;personal;6622
curabitur;bebida;Chevrolet-Comedy-Toyota-Crime Drama Mystery Thriller;para dos;16791
suscipit;plato principal;Buick-Comedy-Mercury-Comedy Drama;personal;9555
malesuada;bebida;Chrysler-Documentary-Dodge-Action Comedy;para dos;13584
Philippines;plato principal;Lincoln-Comedy-Ford-Drama;para dos;7198
Honduras;plato principal;Buick-Comedy-GMC-Film Noir;para dos;7257
Gambia;plato principal;GMC-Action Adventure Drama Thriller-Toyota-Documentary Drama War;para dos;17985
Russia;bebida;Infiniti-Drama War-Ford-Action Animation Comedy;para dos;19815
Brazil;postre;Toyota-Comedy Drama Fantasy-GMC-Documentary;para dos;13371
Poland;entrada;Honda-Documentary-Mitsubishi-Comedy Romance;personal;15306
Nigeria;bebida;Ford-Queso-Honda-Drama Film Noir Thriller;personal;12869
Indonesia;entrada;Mazda-Action Adventure Sci Fi-Dodge-Adventure Animation Comedy;personal;5235
Thailand;entrada;Toyota-Adventure Drama Sci Fi-Volkswagen-Crime Drama;personal;9127
Ukraine;plato principal;Toyota-Documentary-Hyundai-Comedy Romance;personal;5325
Pakistan;adicional;Plymouth-Documentary Musical-Toyota-Action Horror Sci Fi;personal;13103
Iran;bebida;Maserati-Drama-Volkswagen-Drama War;personal;5302
Serbia;bebida;Chevrolet-Comedy Horror-Isuzu-Action Adventure Romance;para dos;16396
Netherlands;entrada;Volkswagen-Comedy Drama-Honda-Comedy;personal;11149
Democratic Republic of the Congo;adicional;Chevrolet-Drama-BMW-Fantasy Horror;personal;15461
Tunisia;entrada;Audi-Horror-Ford-Comedy Drama;para dos;10284
Croatia;bebida;Lexus-Crime Documentary-Hyundai-Drama Mystery;para dos;7617
Armenia;entrada;GMC-Horror Thriller-Daewoo-Comedy;para dos;15568
Canada;adicional;Lincoln-Comedy Drama-Subaru-Comedy Fantasy;para dos;19971
Palestinian Territory;entrada;Infiniti-Drama Horror Sci Fi-Volkswagen-Horror Thriller;personal;13016
Greece;bebida;Aptera-Action Adventure-Chevrolet-Documentary;para dos;18756
Sweden;postre;Volvo-Drama-BMW-Thriller;para dos;6445
Mexico;plato principal;Toyota-Action Adventure Animation Children Sci Fi-Mercedes Benz-Comedy;para dos;11893
United States;entrada;Infiniti-Drama-Volkswagen-Action Adventure Drama Romance Western;personal;11619
Argentina;adicional;Dodge-Musical-Nissan-Comedy Drama Romance;personal;18709
Venezuela;adicional;Hyundai-Drama-Dodge-Comedy Drama;para dos;11609
Italy;adicional;Lexus-Drama-Volvo-Action Fantasy Horror Thriller;personal;7071
Albania;postre;Dodge-Action-Bentley-Comedy;personal;6088
Mauritius;plato principal;Toyota-Documentary-Audi-Animation Comedy;personal;16698
Chile;bebida;Suzuki-Adventure Drama Romance-Isuzu-Comedy;para dos;17557
Morocco;postre;Mercedes Benz-Action Comedy Musical-Mazda-Action Adventure Fantasy;personal;14362
Ecuador;postre;Lexus-Action Adventure Comedy Crime-Mercedes Benz-Drama;personal;5274
Nicaragua;entrada;Dodge-Drama Horror Mystery-Honda-Drama Romance;para dos;15687
Malaysia;postre;Volkswagen-Drama-Honda-Documentary;personal;7644
Cameroon;adicional;Ford-Drama-Ford-Comedy;personal;15596
Mongolia;postre;Acura-Comedy Horror Thriller-Toyota-Drama Romance;para dos;10904
Senegal;postre;Mazda-Comedy-Mercedes Benz-Comedy Drama;personal;12303
Yemen;postre;BMW-Drama War-Ram-Horror Thriller;para dos;16751
South Africa;postre;Infiniti-Comedy Romance-Pontiac-Crime Drama Mystery Thriller;para dos;15883
Afghanistan;adicional;Oldsmobile-Comedy Thriller-Toyota-Drama;personal;16764
Burkina Faso;bebida;Mercury-Adventure Comedy-Ford-Action Adventure Children;para dos;10646
Cyprus;entrada;Lamborghini-Drama Fantasy Mystery Romance-Lexus-Drama;personal;19810
Madagascar;postre;GMC-Action Comedy Crime Drama-Suzuki-Drama;para dos;13142
Maldives;adicional;Jaguar-Action Adventure Sci Fi Thriller-Nissan-Action Thriller;para dos;16172
Panama;plato principal;Mazda-Adventure Drama Horror-Mazda-Adventure Drama Romance;para dos;8332
Iceland;postre;Bentley-Horror Thriller-GMC-Children;personal;10615
Bangladesh;plato principal;Chevrolet-Action Mystery Thriller-Dodge-Comedy Horror Sci Fi;para dos;6835
Tajikistan;plato principal;Chevrolet-Documentary-Honda-Comedy;personal;19189
El Salvador;bebida;Ford-Drama-Mercedes Benz-Horror Sci Fi;para dos;7360
United Kingdom;entrada;Mazda-Drama-Chrysler-Documentary;para dos;5141
Djibouti;plato principal;Mazda-Drama Romance-Tesla-Comedy Drama;para dos;13671
Latvia;adicional;Mercedes Benz-Comedy Drama-Honda-Comedy Drama;para dos;12085
Denmark;adicional;Mitsubishi-Documentary-Mercury-Comedy Drama;para dos;11458
Germany;plato principal;Cadillac-Comedy Fantasy-Mercedes Benz-Comedy Drama;personal;18501
Luxembourg;entrada;Isuzu-Drama-Buick-Horror;para dos;17782
North Korea;postre;Lincoln-Drama Western-Ford-Drama Romance;para dos;19667
Egypt;plato principal;Land Rover-Comedy-Saab-Mystery Thriller;para dos;8637
Cuba;adicional;Buick-Horror-Lexus-Comedy Drama Romance;personal;14682
Slovenia;entrada;Audi-Drama Western-BMW-Comedy Crime;personal;18706
Spain;plato principal;Pontiac-Action Fantasy Thriller-Nissan-Comedy;para dos;15715
Vietnam;adicional;Chevrolet-Children Fantasy-Dodge-Comedy Romance;para dos;12447
Benin;adicional;Lexus-Drama-Volkswagen-Drama Romance;para dos;6213
Central African Republic;adicional;Volvo-Adventure Children Fantasy-Chevrolet-Documentary;personal;9653
Saudi Arabia;bebida;Volkswagen-Action Horror Sci Fi-Honda-Action Drama;para dos;11563
Chad;postre;Daewoo-Drama-BMW-Drama Horror Mystery;personal;12752
Mauritania;postre;Suzuki-Comedy Drama Romance-Chevrolet-Documentary Drama;personal;10439
Belarus;adicional;Mazda-Animation Children Comedy Romance-Hyundai-Action Thriller;personal;11950
Australia;adicional;Dodge-Drama-Acura-Action Crime;para dos;12087
Zimbabwe;plato principal;Cadillac-Documentary-Honda-Action Crime Drama;personal;12092
South Korea;postre;Bentley-Drama-Nissan-Horror;para dos;15721
Ivory Coast;entrada;Kia-Action Crime-Chevrolet-Sci Fi;para dos;10983
Costa Rica;entrada;Saab-Action Horror Mystery Thriller-GMC-Drama War;para dos;6148
Malawi;adicional;Mitsubishi-Children Drama-Chevrolet-Documentary;personal;17148
Finland;plato principal;Mercedes Benz-Horror-Maserati-Drama;para dos;10445
Slovakia;entrada;Dodge-Drama Romance Thriller-Dodge-Fantasy Horror Romance Thriller;para dos;17340
Bermuda;adicional;Lincoln-Comedy-Pontiac-Documentary;para dos;5236
Bolivia;postre;Dodge-Action Drama-Subaru-Comedy War;personal;18806
Cayman Islands;entrada;Dodge-Comedy Mystery-Honda-Drama;para dos;14966
Kosovo;postre;Lexus-Drama Film Noir-Saab-Crime Drama Thriller;personal;19004
Fiji;plato principal;Mitsubishi-Comedy Musical Romance-Pontiac-Comedy Fantasy Romance;para dos;14736
Dominican Republic;entrada;Mazda-Drama Horror Thriller-Chevrolet-Comedy;para dos;11558
Guyana;adicional;Toyota-Comedy-Volkswagen-Drama;para dos;5868
Ireland;postre;Lexus-Documentary-Infiniti-Comedy;personal;18052
Sudan;entrada;Volkswagen-Adventure Animation Children Fantasy-Oldsmobile-Comedy Crime;personal;18384
Moldova;adicional;Volkswagen-Comedy Crime Mystery Thriller-Smart-Comedy Sci Fi;personal;17086
Pitangus sulphuratus;bebida;Toyota-Drama Romance-Pontiac-Horror Sci Fi Thriller;personal;16346
Cynictis penicillata;bebida;Volvo-Comedy Musical-Chrysler-Drama Romance War;personal;19963
Chlamydosaurus kingii;plato principal;BMW-Comedy Drama-Lincoln-Western;personal;10360
Tragelaphus scriptus;adicional;Lamborghini-Drama Fantasy Mystery Romance Thriller-Chevrolet-Horror Sci Fi;para dos;12428
Columba livia;plato principal;Oldsmobile-Crime Documentary-Dodge-Drama;personal;5976
Ara macao;adicional;Nissan-Drama-Mercury-Action Animation;personal;8806
Podargus strigoides;plato principal;Honda-Comedy Crime Musical-Lotus-Comedy Sci Fi;para dos;11609
Capreolus capreolus;entrada;Hyundai-Action Adventure Fantasy Sci Fi-Toyota-Drama;personal;17232
Phascogale tapoatafa;plato principal;Buick-Comedy-Ford-Comedy Drama Mystery Thriller;personal;16286
Varanus albigularis;entrada;Ford-Horror Sci Fi-Toyota-Comedy Western;personal;19748
Spilogale gracilis;adicional;Rolls Royce-Documentary-Rolls Royce-Documentary;para dos;8456
Macropus rufogriseus;plato principal;Lincoln-Comedy Drama-Saturn-Action Adventure Drama Mystery Thriller;para dos;5831
Tachyglossus aculeatus;adicional;Volvo-Crime Drama-Chevrolet-Action Adventure Romance;para dos;9046
Mycteria leucocephala;postre;Honda-Comedy Romance-Bentley-Comedy Romance;personal;5768
Oncorhynchus nerka;bebida;Honda-Comedy-Toyota-Drama;personal;6758
Pelecanus conspicillatus;adicional;Suzuki-Action Drama War-Ford-Comedy;para dos;8700
Chionis alba;plato principal;Subaru-Drama-Lamborghini-Children Comedy Musical;para dos;17610
Tursiops truncatus;postre;Chevrolet-Comedy-Hyundai-Drama Romance;para dos;18734
Nyctea scandiaca;entrada;Suzuki-Crime Drama-Toyota-Comedy Romance;para dos;14257
Dasypus novemcinctus;postre;Chevrolet-Drama-Ford-Romance;personal;7064
Dendrohyrax brucel;entrada;Mitsubishi-Drama Thriller-Chevrolet-Drama Romance;personal;8149
Meleagris gallopavo;bebida;Mitsubishi-Drama Romance-Ford-Drama;para dos;6589
Galictis vittata;plato principal;GMC-Documentary-Buick-Documentary;para dos;14825
Geochelone elegans;plato principal;Honda-Western-Cadillac-Drama;para dos;17209
Carduelis uropygialis;plato principal;Honda-Drama Romance War-Ford-Adventure Animation Children Drama Musical;para dos;17947
Papio cynocephalus;adicional;BMW-Queso-Pontiac-Action Sci Fi;personal;15093
Colaptes campestroides;bebida;Volkswagen-Comedy-Ford-Crime Mystery;personal;9719
unavailable;entrada;Lotus-Drama-Hyundai-Adventure Comedy Drama;personal;5340
Cervus duvauceli;adicional;GMC-Action Drama-Isuzu-Adventure Animation Children;personal;8581
Climacteris melanura;bebida;Lexus-Crime Drama Thriller-Pontiac-Comedy Drama;personal;16715
Varanus sp.;adicional;Chevrolet-Comedy Drama-Volkswagen-Comedy Drama;para dos;18194
Crotaphytus collaris;postre;Mitsubishi-Action Adventure-Eagle-Comedy;personal;5956
Antechinus flavipes;plato principal;Nissan-Adventure Animation Comedy-Acura-Comedy Drama;personal;13416
Uraeginthus granatina;plato principal;Isuzu-Documentary-Toyota-Comedy Musical;personal;17391
Oryx gazella;adicional;Oldsmobile-Action Horror Thriller-Dodge-Adventure Romance;para dos;19942
Coluber constrictor;bebida;Ford-Drama Romance Thriller-Pontiac-Drama Romance;para dos;7474
Francolinus coqui;adicional;Buick-Drama Romance-Suzuki-Crime Drama;personal;7668
Cracticus nigroagularis;bebida;Mercedes Benz-Comedy Drama-Cadillac-Comedy Drama Romance;personal;12422
Butorides striatus;entrada;Nissan-Comedy Drama-Audi-Drama;para dos;14105
Hystrix indica;entrada;Mazda-Comedy-Pontiac-Comedy Musical;personal;11776
Melanerpes erythrocephalus;adicional;Rolls Royce-Documentary-Ford-Adventure Comedy Sci Fi;para dos;9300
Trachyphonus vaillantii;plato principal;Mitsubishi-Comedy-Porsche-Horror;personal;6690
Creagrus furcatus;plato principal;Toyota-Documentary-Mazda-Documentary;personal;18970
Taurotagus oryx;plato principal;Jeep-Comedy Musical Romance-Mercury-Comedy Horror Thriller;para dos;19452
Bubo virginianus;adicional;Toyota-Comedy Crime Mystery-Mercury-Crime Drama;personal;9114
Ceratotherium simum;adicional;Cadillac-Action-Mercury-Action Crime Thriller;para dos;19326
Macaca mulatta;bebida;Chevrolet-Comedy Drama-Subaru-Comedy Romance;personal;17785
Lamprotornis nitens;adicional;Saab-Horror-BMW-Action Sci Fi;para dos;10671
Cygnus buccinator;entrada;Mazda-Drama Thriller-Geo-Adventure;personal;7795
Smithopsis crassicaudata;plato principal;Toyota-Drama-Austin-Crime Drama Romance;personal;13571
Macropus parryi;plato principal;BMW-Comedy-Mazda-Action Horror;personal;11302
Corvus brachyrhynchos;postre;Volkswagen-Documentary-Volvo-Comedy Crime Drama Mystery;para dos;8894
Macropus robustus;entrada;Ford-Drama-Dodge-Drama;para dos;11966
Falco mexicanus;entrada;GMC-Comedy Thriller-Volkswagen-Drama Romance;personal;10161
Mellivora capensis;adicional;Panoz-Queso-GMC-Action Adventure Animation;personal;5655
Diomedea irrorata;plato principal;Volkswagen-Mystery Romance Sci Fi Thriller-Mitsubishi-Comedy Drama;personal;11195
Ara chloroptera;entrada;Mitsubishi-Drama-Ford-Drama Thriller;para dos;13499
Pseudocheirus peregrinus;postre;Mazda-Comedy-Toyota-Drama Romance;personal;5504
Bassariscus astutus;postre;Audi-Drama-Kia-Drama;personal;19368
Psophia viridis;adicional;Ford-Drama-Toyota-Crime Drama;personal;17902
Ephippiorhynchus mycteria;postre;Honda-Drama-Ford-Adventure Musical;personal;17674
Dendrocitta vagabunda;bebida;Mercedes Benz-Drama-Chevrolet-Action;personal;14818
Ardea cinerea;entrada;Subaru-Adventure-Chevrolet-Comedy;para dos;19677
Lycosa godeffroyi;plato principal;Infiniti-Comedy Drama-Chrysler-Comedy Crime;personal;12288
Aepyceros mylampus;adicional;CitroÃ«n-Drama-Mitsubishi-Adventure Drama;para dos;8323
Lorythaixoides concolor;adicional;Audi-Adventure Children Comedy-Land Rover-Action Drama;personal;9551
Epicrates cenchria maurus;entrada;Infiniti-Comedy Drama Romance-Mercury-Action Adventure;personal;5447
Corvus albicollis;bebida;Mercury-Drama-Mitsubishi-Comedy Drama;para dos;9342
Caiman crocodilus;bebida;Chevrolet-Drama Musical-Chrysler-Comedy Drama;para dos;15825
Pycnonotus barbatus;adicional;Ford-Comedy-Hyundai-Sci Fi Thriller Western;para dos;6451
Eremophila alpestris;bebida;Kia-Horror-Toyota-Drama;para dos;6334
Potorous tridactylus;entrada;Lincoln-Comedy-Volvo-Drama;para dos;19580
Gymnorhina tibicen;adicional;Kia-Comedy Romance-Buick-Horror;para dos;14912
Choloepus hoffmani;bebida;Chevrolet-Drama-Porsche-Queso;personal;15704
Ratufa indica;entrada;BMW-Drama Thriller-Audi-Drama Horror Thriller;para dos;15568
Eudromia elegans;adicional;Mitsubishi-Documentary-Mazda-Documentary;para dos;7214
Anthropoides paradisea;adicional;Honda-Documentary-Ford-Comedy Drama;para dos;9865
Ursus americanus;plato principal;Mazda-Animation Fantasy-Pontiac-Adventure Drama;para dos;10627
Otocyon megalotis;adicional;Jaguar-Queso-Chevrolet-Comedy Drama Romance;para dos;8272
Hystrix cristata;adicional;Toyota-Comedy Musical Romance-Mazda-Action Horror Thriller;para dos;13931
Loris tardigratus;plato principal;Dodge-Crime Drama Thriller-Saab-Comedy Drama Romance;para dos;5054
Philetairus socius;entrada;Mercedes Benz-Action Drama Mystery Sci Fi-Honda-Comedy;personal;10940
Cacatua tenuirostris;postre;Honda-Drama-Lexus-Comedy;para dos;7267
Haliaetus vocifer;adicional;Lamborghini-Horror-Dodge-Queso;para dos;9786
Dipodomys deserti;entrada;Pontiac-Drama Thriller-Infiniti-Comedy;personal;19965
Lemur catta;entrada;Porsche-Action Sci Fi-Toyota-Action Crime;para dos;9238
Hippotragus niger;bebida;Ford-War-Toyota-Action Comedy;personal;14777
Felis chaus;adicional;Saab-Drama-Acura-Adventure Drama Romance;personal;10558
Semnopithecus entellus;postre;Mercedes Benz-Drama Romance Sci Fi-Buick-Action Drama;personal;13245
Ateles paniscus;adicional;Dodge-Action Horror Sci Fi Thriller-GMC-Comedy Drama;para dos;16209
Scolopax minor;plato principal;Volkswagen-Comedy-Ford-Drama;personal;11434
Mustela nigripes;bebida;Lamborghini-Queso-Aston Martin-Animation Children Comedy Fantasy Musical;para dos;9615
Dusicyon thous;adicional;Mercury-Comedy-Acura-Action Adventure;para dos;6949
Calyptorhynchus magnificus;entrada;Volkswagen-Drama War-Lamborghini-Drama;para dos;16897
Pytilia melba;plato principal;Pontiac-Drama-Mercedes Benz-Comedy Drama;para dos;10503
Ceryle rudis;adicional;Subaru-Comedy-GMC-Comedy;personal;17656
Didelphis virginiana;entrada;Mitsubishi-Comedy Romance-Jeep-Action Comedy;para dos;11937
Ovis ammon;postre;Cadillac-Crime Drama Mystery-Ford-Drama;para dos;6233
Colobus guerza;postre;Mercury-Adventure Horror Sci Fi-Mitsubishi-Action Crime;para dos;5600
Plocepasser mahali;adicional;Lexus-Comedy Horror-Nissan-Comedy Horror;personal;16719
Sitta canadensis;plato principal;Mazda-Horror Sci Fi-Toyota-Adventure Drama;para dos;13792
Cyrtodactylus louisiadensis;bebida;Dodge-Drama-Oldsmobile-Comedy;personal;13311
Rhabdomys pumilio;bebida;Maserati-Drama Romance-Hyundai-Comedy;personal;16600
Chauna torquata;bebida;Mitsubishi-Comedy Drama Romance Thriller-Cadillac-Drama;personal;8931
Sarkidornis melanotos;plato principal;BMW-Documentary-Audi-Documentary;personal;18547
Actophilornis africanus;bebida;Mazda-Drama Romance War-Toyota-Documentary;para dos;19593
Branta canadensis;entrada;Mitsubishi-Crime Drama Mystery Thriller-Cadillac-Comedy;personal;14880
Thylogale stigmatica;bebida;Volvo-Action Animation Fantasy-BMW-Comedy Drama Fantasy Sci Fi;personal;16991
Bucephala clangula;adicional;Cadillac-Drama-Volkswagen-Drama;personal;15386
Felis concolor;plato principal;GMC-Horror-Pontiac-Comedy Crime;personal;10234
Tetracerus quadricornis;plato principal;Porsche-Drama Thriller-Toyota-Comedy Drama;para dos;18303
Phoca vitulina;plato principal;Isuzu-Crime Drama Thriller-Dodge-Comedy Drama Romance;personal;9845
Manouria emys;postre;Ford-Action Crime-Chevrolet-Action Drama Thriller;personal;6520
Bison bison;entrada;GMC-Adventure-Mazda-Drama War;para dos;19016
Alopex lagopus;adicional;Jaguar-Comedy Drama Romance-Lexus-Documentary;personal;13295
Redunca redunca;bebida;Mercedes Benz-Drama-Nissan-Drama;personal;11157
Arctogalidia trivirgata;adicional;Chevrolet-Horror-Dodge-Documentary;para dos;17120
Larus dominicanus;postre;Ford-Comedy Drama Romance-Chevrolet-Adventure Animation Sci Fi;para dos;14126
Tapirus terrestris;plato principal;Cadillac-Comedy-Buick-Comedy Crime Drama;personal;8948
Anas bahamensis;postre;Mercedes Benz-Comedy Drama-BMW-Documentary War;personal;14514
Gabianus pacificus;adicional;Toyota-Drama-Spyker-Comedy Crime Drama;personal;12952
Ourebia ourebi;postre;Ford-Drama Romance War-Mercedes Benz-Drama Romance;para dos;7780
Phaethon aethereus;entrada;Plymouth-Western-Pontiac-Drama;personal;15014
Zalophus californicus;plato principal;Lincoln-Drama Romance War-Pontiac-Drama;personal;8759
Streptopelia senegalensis;entrada;Toyota-Drama Romance-Honda-Drama Fantasy War;personal;11269
Kobus defassa;plato principal;Chrysler-Action Crime Drama War-Buick-Comedy Drama;para dos;6497
Rhea americana;entrada;Pontiac-Comedy Fantasy-Porsche-Comedy;para dos;6372
Pelecans onocratalus;bebida;Chrysler-Action Crime Western-BMW-Action Adventure Sci Fi;personal;7616
Martes americana;adicional;Dodge-Horror-BMW-Action Drama Romance War;personal;18986
Macaca fuscata;plato principal;Chevrolet-Action Crime-Suzuki-Crime Drama;para dos;11417
Ramphastos tucanus;bebida;Porsche-Comedy Crime Thriller-Ford-Comedy Drama;para dos;19378
Heloderma horridum;plato principal;Hyundai-Action Adventure Sci Fi Thriller-Chevrolet-Comedy Drama;personal;5926
Kobus leche robertsi;bebida;Honda-Drama-Kia-Adventure Animation Children;personal;15244
Spizaetus coronatus;adicional;Mazda-Drama Fantasy-BMW-Adventure Comedy Sci Fi;para dos;5358
Numida meleagris;entrada;Ford-Drama Romance War-Ford-Comedy Fantasy Horror;personal;17560
Potos flavus;adicional;Chevrolet-Action Sci Fi-Chevrolet-Documentary;para dos;17698
Paraxerus cepapi;bebida;Audi-Action-Dodge-Drama;para dos;19654
Oryx gazella callotis;postre;Ford-Drama-Hyundai-Drama;para dos;15591
Francolinus leucoscepus;postre;Mazda-Action Adventure-Pontiac-Action Drama;para dos;19485
Tringa glareola;entrada;Chevrolet-Drama-Ford-Adventure Comedy;para dos;12908
Bubalornis niger;plato principal;Chrysler-Horror Sci Fi Thriller-Eagle-Drama War;para dos;7023
Ploceus intermedius;entrada;Hyundai-Crime Horror-Acura-Action Drama Thriller War;para dos;13803
Ploceus rubiginosus;postre;Kia-Drama-Pontiac-Comedy Musical Romance;personal;10138
Prionace glauca;adicional;Mitsubishi-Drama-Honda-Comedy Musical Romance;para dos;10711
Genetta genetta;adicional;GMC-Drama Romance-BMW-Drama;personal;13900
Leptoptilos crumeniferus;plato principal;Chevrolet-Documentary-Suzuki-Adventure Animation Children Comedy;para dos;6121
Varanus salvator;entrada;Mazda-Comedy Drama-Cadillac-Horror;personal;17079
Plegadis falcinellus;bebida;Chrysler-Comedy Drama Romance-Toyota-Crime Drama Film Noir Romance;personal;18638
Dromaeus novaehollandiae;bebida;Mitsubishi-Drama-Subaru-Drama;para dos;19177
Alces alces;postre;Ford-Comedy Drama Sci Fi-Cadillac-Western;para dos;17261
Melursus ursinus;plato principal;Mitsubishi-Comedy Sci Fi-Honda-Comedy;personal;14721
Pseudalopex gymnocercus;postre;MINI-Documentary-Toyota-Documentary Horror;para dos;7129
Canis aureus;bebida;Dodge-Adventure Drama War-Volkswagen-Adventure Children;personal;12692
Lepilemur rufescens;bebida;BMW-Comedy Drama-BMW-Drama Romance;para dos;13838
Phalaropus lobatus;bebida;Mazda-Action Adventure Drama-Dodge-Action Drama War;personal;15171
Acrantophis madagascariensis;adicional;GMC-Comedy-Oldsmobile-Fantasy Musical;para dos;17910
Phascogale calura;adicional;Chrysler-Comedy Drama-Buick-Drama;personal;14792
Zenaida galapagoensis;entrada;Suzuki-Comedy Drama Romance-Mercury-Action Comedy Crime Drama Romance;para dos;15551
Milvago chimachima;bebida;Cadillac-Horror-Dodge-Drama Romance;personal;18642
Sciurus vulgaris;plato principal;Mazda-Crime Mystery-Pontiac-Drama Mystery War;para dos;8310
Neotis denhami;plato principal;BMW-Comedy-Nissan-Romance Thriller;para dos;13098
Notechis semmiannulatus;adicional;Dodge-Comedy-Ford-Drama;para dos;14566
Meles meles;bebida;Volkswagen-Comedy Drama Romance-Toyota-Horror Thriller;para dos;10311
Bettongia penicillata;bebida;Chevrolet-Drama Fantasy Thriller War-Subaru-Comedy;para dos;7073
Antidorcas marsupialis;adicional;Mazda-Comedy-Volvo-Action Comedy;personal;16245
Agouti paca;plato principal;Buick-Comedy-Jaguar-Horror Mystery Thriller;personal;11992
Nannopterum harrisi;bebida;Volkswagen-Comedy Drama Fantasy Sci Fi-Chevrolet-Crime Drama;para dos;16661
Dendrocygna viduata;plato principal;Nissan-Documentary Horror-Ford-Drama;personal;13802
Carduelis pinus;bebida;Dodge-Comedy-Ford-Drama;para dos;13797
Canis dingo;bebida;Nissan-Comedy Drama War-Mazda-Drama;para dos;8194
Junonia genoveua;postre;Ram-Comedy Romance-Chrysler-Drama;para dos;7051
Ammospermophilus nelsoni;postre;Honda-Children Musical Mystery-Land Rover-Documentary;personal;15479
Macropus rufus;entrada;Hyundai-Drama Romance-Dodge-Documentary;personal;12371
Ardea golieth;postre;Ford-Drama Thriller-Chevrolet-Adventure Animation Drama Sci Fi War;personal;18202
Gazella granti;bebida;Chevrolet-Documentary-Toyota-Horror;para dos;11169
Dasyprocta leporina;adicional;Jeep-Comedy Romance-Saab-Drama;para dos;6075
Bradypus tridactylus;adicional;Plymouth-Comedy Documentary Romance-Ford-Comedy;para dos;14222
Sciurus niger;postre;Aston Martin-Documentary-Volvo-Adventure Children Comedy Fantasy Horror;personal;5923
Phalacrocorax albiventer;postre;Audi-Comedy Drama-Oldsmobile-Drama;personal;16936
Isoodon obesulus;postre;Chevrolet-Crime Drama Thriller-Volkswagen-Drama;para dos;19835
Sceloporus magister;plato principal;Volkswagen-Children Drama-Ford-Action Adventure Thriller;para dos;6604
Castor canadensis;postre;Scion-Thriller-Volkswagen-Adventure Documentary;para dos;19284
Felis wiedi or Leopardus weidi;bebida;Chevrolet-Romance-Isuzu-Comedy;personal;15751
Threskionis aethiopicus;adicional;Audi-Comedy Drama-Mazda-Drama;para dos;10872
Phalacrocorax niger;bebida;Mercedes Benz-Documentary-Isuzu-Drama Mystery;para dos;10891
Theropithecus gelada;bebida;GMC-Documentary Drama Mystery-Mercedes Benz-Documentary;para dos;12187
Anastomus oscitans;adicional;Porsche-Drama Romance-Nissan-Horror;para dos;17857
Eumetopias jubatus;entrada;Ford-Documentary-Chrysler-Drama Thriller;personal;14804
Spermophilus lateralis;plato principal;Dodge-Action Drama-Mercury-Documentary;personal;9590
Boa caninus;entrada;Mercedes Benz-Comedy-BMW-Action;para dos;18387
Larus fuliginosus;bebida;Mercedes Benz-Action Drama War-GMC-Action Comedy;personal;7855
Neophoca cinerea;entrada;Mitsubishi-Drama-Mitsubishi-Action Adventure Sci Fi Thriller;personal;9287
Bucorvus leadbeateri;bebida;Mercury-Comedy Romance-Ford-Drama Romance;para dos;13307
Anas punctata;entrada;Isuzu-Adventure Romance-Pontiac-Adventure Comedy Fantasy;personal;18137
Axis axis;plato principal;Ford-Drama-Chevrolet-Action Adventure Animation Children;personal;10450
Sterna paradisaea;bebida;Maybach-Drama-Ford-Crime Mystery;para dos;12969
Proteles cristatus;plato principal;Lincoln-Drama Thriller War-Mitsubishi-Documentary;personal;11984
Geococcyx californianus;plato principal;Audi-Drama Romance-GMC-Western;para dos;18930
Paroaria gularis;entrada;Audi-Crime Drama Thriller-Mercury-Drama;personal;8107
Pavo cristatus;bebida;Buick-Animation Children Comedy Fantasy Musical-Mitsubishi-Adventure;personal;14761
Cochlearius cochlearius;bebida;Porsche-Drama-Scion-Adventure Drama Romance;para dos;8285
Felis caracal;plato principal;Buick-Horror Mystery Thriller-Toyota-Crime Drama;personal;8996
Damaliscus lunatus;bebida;Volkswagen-Horror Sci Fi-Subaru-Action Children Comedy;personal;18289
Ctenophorus ornatus;bebida;Jaguar-Drama-Chevrolet-Adventure Animation Horror Sci Fi Thriller;para dos;18985
Ninox superciliaris;entrada;Mercedes Benz-Drama-Honda-Comedy;para dos;18478
Dasyurus maculatus;entrada;Audi-Drama War-Scion-Adventure Animation Children;para dos;11957
Platalea leucordia;postre;Toyota-Drama-Toyota-Drama;para dos;12949
Crotalus cerastes;entrada;Porsche-Crime Drama Mystery Thriller-Jaguar-Comedy;personal;15549
Aquila chrysaetos;bebida;Oldsmobile-Comedy-GMC-Comedy;personal;17748
Iguana iguana;entrada;Lexus-Action Adventure War-Lexus-Drama;para dos;18941
Procyon cancrivorus;adicional;Mitsubishi-Comedy-Mazda-Documentary;para dos;10780
Milvus migrans;bebida;Hummer-Adventure Drama-Pontiac-Comedy Horror;personal;6819
Laniarius ferrugineus;entrada;Ford-Documentary-Lexus-Comedy Drama;para dos;10055
Nasua narica;bebida;Spyker-Crime Horror Mystery-Smart-Crime Drama Thriller;personal;16595
Laniaurius atrococcineus;bebida;Chevrolet-Drama-BMW-Comedy Musical;para dos;17043
Alectura lathami;entrada;Mercedes Benz-Comedy-GMC-Drama Mystery Thriller;para dos;9411
Zosterops pallidus;plato principal;Geo-Drama Musical-Mercedes Benz-Action Adventure Fantasy Sci Fi;personal;7968
Haliaeetus leucocephalus;adicional;Pontiac-Drama-Kia-Crime Drama;para dos;6641
Megaderma spasma;postre;Dodge-Documentary-Chevrolet-Documentary;personal;18435
Terrapene carolina;entrada;Acura-Comedy Drama-Mitsubishi-Drama Thriller;personal;10378
Panthera pardus;plato principal;Toyota-Action Comedy-Porsche-Comedy Romance;personal;19935
Ictalurus furcatus;bebida;Pontiac-Drama War-Lincoln-Comedy;personal;19211
Coluber constrictor foxii;adicional;Pontiac-Comedy Drama Romance-Jaguar-Drama Fantasy;personal;14289
Coendou prehensilis;bebida;Isuzu-Mystery Thriller-BMW-Drama Romance War;para dos;14000
Perameles nasuta;adicional;Chevrolet-Comedy Documentary-Infiniti-Comedy;personal;19587
Phoenicopterus chilensis;plato principal;Chevrolet-Horror Thriller-Mitsubishi-Drama;para dos;18885
Acridotheres tristis;entrada;BMW-Comedy-Mazda-Documentary;personal;9174
Cervus unicolor;postre;BMW-Action Drama Thriller War-Chevrolet-Action Adventure Comedy Crime;para dos;6497
Motacilla aguimp;bebida;Acura-Action Crime Thriller-Nissan-Drama War;para dos;8201
Aegypius tracheliotus;adicional;Ford-Comedy-Chrysler-Thriller;para dos;6050
Geochelone radiata;postre;Dodge-Drama-Jeep-Drama;para dos;8083
Dicrostonyx groenlandicus;bebida;Mazda-Documentary-Buick-Adventure Children Drama;para dos;8837
Grus rubicundus;bebida;Audi-Drama Romance-Audi-Drama Mystery;personal;15536
Himantopus himantopus;plato principal;Chevrolet-Drama Romance Thriller-Infiniti-Drama Mystery;personal;16499
Hyaena hyaena;entrada;Toyota-Adventure Children Drama-Spyker-Horror;para dos;10972
Aonyx cinerea;plato principal;Ford-Drama-BMW-Adventure Comedy Drama;personal;17921
Haliaeetus leucoryphus;entrada;Ford-Action Drama Thriller-Buick-Adventure Comedy;para dos;17010
Buteo galapagoensis;bebida;Dodge-Animation Children Fantasy-BMW-Animation Comedy;para dos;10856
Callipepla gambelii;plato principal;Chevrolet-Comedy Drama Romance-Mitsubishi-Drama War;para dos;7176
Connochaetus taurinus;entrada;Nissan-Comedy Romance-Chrysler-Drama War;para dos;16668
Suricata suricatta;entrada;Dodge-Drama-Nissan-Drama Mystery Sci Fi;personal;8306
Cercopithecus aethiops;postre;Ferrari-Drama-Subaru-Drama;para dos;19743
Aonyx capensis;adicional;Cadillac-Drama-Volkswagen-Action Drama Thriller;para dos;18854
Tragelaphus strepsiceros;postre;Chevrolet-Action Adventure Drama War-Mitsubishi-Drama Romance;para dos;10165
Acanthaster planci;entrada;Mitsubishi-Action Thriller-Suzuki-Drama Romance;personal;5675
Sarcophilus harrisii;bebida;Chevrolet-Drama-Chrysler-Comedy Crime Mystery;para dos;13952
Equus burchelli;postre;Toyota-Action Sci Fi-Mercury-Drama;para dos;15690
Bubalus arnee;bebida;Land Rover-Action Comedy Fantasy IMAX-GMC-Comedy Drama;para dos;19699
Anhinga rufa;entrada;Honda-Action Drama Thriller-Hummer-Action Comedy Crime Thriller;para dos;19701
Leipoa ocellata;bebida;Mitsubishi-Crime Drama-Buick-Crime Drama;para dos;5558
Nasua nasua;entrada;Mitsubishi-Drama Romance-Kia-Drama;personal;9090
Vanellus armatus;adicional;Chevrolet-Horror Mystery Thriller-GMC-Documentary;para dos;15552
Zonotrichia capensis;plato principal;Chevrolet-Drama Romance-Audi-Horror Mystery;para dos;18279
Pseudoleistes virescens;entrada;BMW-Drama-Volkswagen-Comedy;para dos;7473
Herpestes javanicus;postre;Ford-Comedy Drama-Ferrari-Comedy;personal;9057
Eudyptula minor;entrada;Buick-Romance-Volkswagen-Adventure Western;para dos;9693
Paradoxurus hermaphroditus;plato principal;Volkswagen-Action Comedy Sci Fi IMAX-Mazda-Drama Thriller;personal;15263
Sus scrofa;postre;Ford-Comedy Musical-Ford-Mystery;personal;7900
Vulpes vulpes;plato principal;Aston Martin-Crime Film Noir-Volkswagen-Drama Romance;personal;14585
Nesomimus trifasciatus;postre;Ford-Thriller-Honda-Romance;personal;11093
Passer domesticus;postre;Plymouth-Comedy-Suzuki-Comedy;personal;5154
Trichoglossus haematodus moluccanus;plato principal;Dodge-Action Thriller-Mazda-Fantasy Sci Fi;para dos;14491
Gyps bengalensis;entrada;Dodge-Drama Romance-Chrysler-Crime Drama;para dos;11203
Picoides pubescens;adicional;Ford-Horror-Toyota-Crime Drama Mystery Thriller;personal;6817
Equus hemionus;bebida;Mitsubishi-Comedy Drama Romance-Ford-Comedy Romance Thriller;personal;15717
Ictonyx striatus;entrada;GMC-Comedy-Mitsubishi-Drama Romance Western;personal;15012
Irania gutteralis;plato principal;Volkswagen-Drama-Porsche-Comedy;personal;17992
Tauraco porphyrelophus;adicional;Acura-Comedy Drama-Audi-Children Comedy Fantasy Musical;personal;15112
Procyon lotor;adicional;Chevrolet-Comedy Fantasy-Mitsubishi-Documentary;para dos;16609
Sula nebouxii;plato principal;Chevrolet-Documentary-Chevrolet-Comedy Drama;personal;13867
Anathana ellioti;bebida;Mercedes Benz-Drama Thriller-Cadillac-Comedy Drama;personal;10549
Alouatta seniculus;postre;Volvo-Drama Romance-Dodge-Comedy Drama Fantasy Romance;para dos;10945
Gorilla gorilla;bebida;Pontiac-Comedy Documentary Romance-Scion-Musical;para dos;6722
Ursus maritimus;adicional;Suzuki-Comedy Romance-Audi-Documentary;para dos;7089
Struthio camelus;adicional;Chevrolet-Action Drama War-Nissan-Comedy Drama;para dos;12174
Tockus erythrorhyncus;plato principal;Dodge-Comedy Drama Romance-Kia-Adventure;para dos;10172
Mycteria ibis;plato principal;Pontiac-Drama-Mazda-Comedy Drama Thriller;para dos;13140
Pteropus rufus;postre;Porsche-Drama-Jaguar-Drama;para dos;18021
Anser caerulescens;adicional;Audi-Animation-Mitsubishi-Crime Drama Thriller;para dos;12858
Alcelaphus buselaphus caama;bebida;Acura-Comedy-Mazda-Comedy;para dos;6896
Alopochen aegyptiacus;plato principal;Chevrolet-Drama Musical-Land Rover-Documentary;para dos;8234
Phalaropus fulicarius;adicional;Toyota-Action Horror Mystery Thriller-Chevrolet-Comedy Romance;personal;9730
Recurvirostra avosetta;entrada;GMC-Sci Fi-Mazda-Drama;personal;6631
Melophus lathami;adicional;Nissan-Comedy Musical Romance-Toyota-Drama;personal;7248
Petaurus breviceps;plato principal;Chevrolet-Drama-GMC-Drama War;para dos;16759
Phalacrocorax carbo;bebida;BMW-Drama-Subaru-Adventure Comedy;para dos;17293
Grus antigone;postre;Jeep-Comedy Drama-Pontiac-Comedy Western;para dos;10809
Naja haje;postre;Nissan-Children Comedy Fantasy-Jeep-Drama;para dos;11137
Falco peregrinus;entrada;Mercedes Benz-Comedy Romance-Chevrolet-Comedy Romance Thriller;para dos;17647
Odocoileus hemionus;plato principal;BMW-Documentary-Bentley-Action Adventure Fantasy;personal;5798
Balearica pavonina;plato principal;Chrysler-Romance Western-Mazda-Animation Children;personal;8674
Phoeniconaias minor;bebida;Kia-Drama Mystery Thriller-Mercedes Benz-Horror;personal;11096
Echimys chrysurus;entrada;Mitsubishi-Action Animation Children Fantasy-Toyota-Horror Thriller;personal;15806
Halcyon smyrnesis;bebida;GMC-Animation Children Drama Musical Romance-Ford-Comedy Drama Fantasy Romance;personal;19833
Hippopotamus amphibius;plato principal;Toyota-Drama Romance-Ford-Fantasy Musical;personal;5121
Libellula quadrimaculata;adicional;Pontiac-Documentary-Buick-Drama;personal;18988
Bubulcus ibis;adicional;BMW-Drama Mystery-Ford-Queso;personal;7787
Charadrius tricollaris;adicional;Cadillac-Drama-Lexus-Drama Thriller;personal;18754
Eira barbata;postre;Oldsmobile-Comedy Drama Romance-Mitsubishi-Crime Drama Thriller;para dos;13858
Ciconia episcopus;bebida;Volvo-Comedy Mystery Thriller-Dodge-Comedy Romance;personal;11557
Erethizon dorsatum;postre;Dodge-Action Thriller-Toyota-Comedy Romance;personal;8641
Lasiorhinus latifrons;plato principal;BMW-Drama-Porsche-Comedy Drama Romance;personal;13513
Tayassu pecari;bebida;Mercedes Benz-Drama-Mercedes Benz-Drama Romance;personal;8953
Crocodylus niloticus;adicional;Jeep-Action Sci Fi-Mazda-Comedy Mystery;para dos;18431
Gazella thompsonii;postre;Mitsubishi-Adventure Comedy Drama-GMC-Drama;personal;16044
Pelecanus occidentalis;plato principal;GMC-Drama Romance-Mercedes Benz-Comedy;personal;7245
Dasyurus viverrinus;adicional;Dodge-Action Fantasy Horror Mystery Sci Fi Thriller-Ford-Drama Romance;para dos;13002
Acinynox jubatus;plato principal;Ford-Comedy-Subaru-Drama Thriller War;para dos;19974
Certotrichas paena;adicional;Nissan-Horror-Volkswagen-Drama War;personal;6065
Mungos mungo;entrada;Mercedes Benz-Comedy Horror-Ford-Drama;personal;14362
Cercatetus concinnus;plato principal;Dodge-Crime Drama Thriller-Saturn-Comedy Horror Sci Fi;personal;7586
Cereopsis novaehollandiae;bebida;Infiniti-Drama-Mitsubishi-Comedy;personal;12199
Tamandua tetradactyla;plato principal;GMC-Adventure Drama-Honda-Crime Mystery;para dos;15895
Fregata magnificans;plato principal;Mitsubishi-Documentary-Merkur-Crime Documentary;personal;7203
Plegadis ridgwayi;adicional;Ford-Comedy Drama Fantasy Romance-Pontiac-Action Horror;personal;5829
Columba palumbus;entrada;Pontiac-Drama Mystery Thriller-Saturn-Adventure Animation Children Sci Fi;para dos;8632
Cynomys ludovicianus;adicional;Toyota-Action Drama War-Mercedes Benz-Drama Romance;para dos;15515
Litrocranius walleri;adicional;Chevrolet-Drama-Chrysler-Adventure Drama;personal;6837
Rangifer tarandus;postre;Subaru-Crime Drama-Mercury-Drama Romance;personal;12921
Nectarinia chalybea;adicional;Kia-Drama-Acura-Action Comedy Fantasy;personal;18214
Snycerus caffer;bebida;BMW-Action Adventure Sci Fi Thriller-Plymouth-Western;para dos;11887
Naja sp.;bebida;GMC-Adventure Animation Drama Fantasy Sci Fi-BMW-Crime Drama;personal;8487
Myrmecophaga tridactyla;bebida;Lexus-Action Horror-Mitsubishi-Comedy;para dos;5730
Phalacrocorax brasilianus;adicional;Toyota-Comedy Fantasy-BMW-Horror;para dos;6278
Phasianus colchicus;postre;Chrysler-Comedy Drama-Toyota-Adventure Drama Thriller;personal;13803
Deroptyus accipitrinus;adicional;Mazda-Action Horror-Mazda-Comedy Horror;personal;19756
Delphinus delphis;entrada;Chevrolet-Action Fantasy Sci Fi-Hyundai-Comedy Crime Drama;para dos;15502
Diceros bicornis;adicional;Ford-Documentary-GMC-War;para dos;14819
Cabassous sp.;bebida;Toyota-Drama Romance-Alfa Romeo-Documentary;para dos;12615
Mazama gouazoubira;bebida;Ford-Sci Fi Thriller-Mercury-Action Sci Fi;personal;14556
Choriotis kori;entrada;Porsche-Comedy-Chevrolet-Adventure Children Drama;personal;12478
Eolophus roseicapillus;plato principal;Volkswagen-Adventure Drama Romance-Audi-Drama Sci Fi;personal;10002
Terathopius ecaudatus;plato principal;Suzuki-Action Crime Thriller-BMW-Action Adventure Sci Fi;para dos;6508
Galago crassicaudataus;adicional;Ford-Comedy Romance-Dodge-Adventure Drama Romance;para dos;15526
Sula dactylatra;adicional;Lincoln-Drama Romance-Chevrolet-Drama;para dos;7968
Otaria flavescens;postre;Chevrolet-Drama-Nissan-Queso;para dos;11295
Egretta thula;plato principal;Mazda-Adventure Animation Comedy Fantasy IMAX-GMC-Animation Children Comedy;para dos;5659
Mirounga angustirostris;entrada;Mercedes Benz-Horror Sci Fi-Dodge-Drama;personal;13520
Tiliqua scincoides;adicional;Mitsubishi-Drama-Mercury-Horror;para dos;17358
Panthera leo persica;adicional;Shelby-Comedy-Porsche-Crime Drama Thriller;para dos;19494
Cebus nigrivittatus;entrada;BMW-Drama-Acura-Drama;para dos;19291
Vulpes chama;bebida;Pontiac-Comedy Fantasy-Ford-Action Crime;para dos;16141
Acrobates pygmaeus;adicional;Lexus-Adventure Drama-Audi-Sci Fi Thriller;personal;5807
Coracias caudata;plato principal;Infiniti-Comedy-Acura-Action Crime Thriller;para dos;9863
Tockus flavirostris;adicional;Mercedes Benz-Children Drama-GMC-Drama;para dos;9967
Macropus fuliginosus;entrada;Buick-Comedy-Toyota-Drama;para dos;8955
Taxidea taxus;postre;Chevrolet-Action Crime Drama-Buick-Drama;para dos;15108
Loxodonta africana;bebida;Mercedes Benz-Crime Drama-Mitsubishi-Documentary;para dos;12367
Trichosurus vulpecula;adicional;Audi-Comedy Drama Romance-Buick-Drama Musical Romance;para dos;5706
Turtur chalcospilos;entrada;Subaru-Drama-Chevrolet-Drama Mystery Sci Fi Thriller;personal;19499
Stercorarius longicausus;entrada;Ford-Comedy Drama-Land Rover-Film Noir Thriller;personal;11366
Alligator mississippiensis;adicional;GMC-Horror Thriller-Chevrolet-Comedy;para dos;11425
Lama glama;adicional;Ford-Comedy Drama Romance-Oldsmobile-Crime Drama Thriller;personal;13513
Cebus apella;plato principal;GMC-Action Drama Mystery Sci Fi Thriller IMAX-Volkswagen-Comedy;para dos;5263
Sylvicapra grimma;plato principal;Audi-Horror-GMC-Documentary;para dos;15621
Vanessa indica;adicional;Jeep-Drama-Subaru-Documentary;personal;17329
Ara ararauna;adicional;Hyundai-Comedy Romance-Cadillac-Drama Musical Romance;para dos;6979
Alcelaphus buselaphus cokii;adicional;Pontiac-Thriller-Dodge-Drama;personal;11367
Corallus hortulanus cooki;plato principal;Nissan-Drama-Cadillac-Adventure Comedy Fantasy;para dos;6097
Chlidonias leucopterus;plato principal;Maserati-Horror-Maserati-Action Adventure Romance;personal;11620
Macaca nemestrina;bebida;Chevrolet-Drama-Subaru-Comedy Crime;para dos;17108
Salvadora hexalepis;bebida;GMC-Drama Fantasy Romance Thriller-Chevrolet-Drama;para dos;10768
Merops nubicus;bebida;Buick-Comedy Musical Romance-Ford-Drama;personal;9662
Eubalaena australis;plato principal;Subaru-Comedy Drama-Mercedes Benz-Crime Drama Romance;para dos;7200
Casmerodius albus;adicional;Lexus-Drama-Chevrolet-Drama;para dos;10917
Plectopterus gambensis;bebida;Dodge-Comedy Horror Thriller-Mitsubishi-Drama;para dos;17608
Tachybaptus ruficollis;postre;Volvo-Comedy Drama-Lincoln-Action Thriller;para dos;16358
Lepus townsendii;entrada;Suzuki-Drama Thriller War-Mazda-Horror Thriller;personal;7727
Varanus komodensis;bebida;BMW-Drama Romance-Mercedes Benz-Drama Musical Romance;personal;12695
Antilope cervicapra;adicional;Jeep-Comedy-Buick-Comedy Fantasy Horror;para dos;5536
Uraeginthus bengalus;plato principal;Saab-Children Comedy-Audi-Horror Thriller;para dos;7412
Canis lupus lycaon;adicional;BMW-Comedy Crime-Honda-Fantasy Musical;personal;15727
Conolophus subcristatus;adicional;Chevrolet-Comedy Drama Fantasy Romance-Chevrolet-Comedy;personal;19152
Castor fiber;entrada;Bentley-Comedy Crime Drama-Nissan-Action Comedy Crime;para dos;14836
Pycnonotus nigricans;entrada;Buick-Action Thriller-Chevrolet-Documentary;para dos;6278
Lophoaetus occipitalis;adicional;Rolls Royce-Drama Romance-Honda-Documentary;para dos;15238
Ovis dalli stonei;postre;GMC-Drama-Toyota-Horror;para dos;5079
Thalasseus maximus;adicional;Scion-Animation Children-Mitsubishi-Action Animation Fantasy IMAX;personal;9058
Canis lupus baileyi;postre;Mazda-Comedy-Subaru-Action Drama War;personal;19827
Ephipplorhynchus senegalensis;bebida;Toyota-Drama Musical-Dodge-Comedy;para dos;6594
Cordylus giganteus;postre;Pontiac-Documentary Romance-Chevrolet-Documentary;para dos;10213
Callorhinus ursinus;bebida;Geo-Comedy-GMC-Drama;para dos;7403
Centrocercus urophasianus;entrada;Mercedes Benz-Comedy-Kia-Drama Mystery;personal;19335
Larus sp.;entrada;Acura-Horror-Lamborghini-Documentary;personal;19118
Corythornis cristata;entrada;Chevrolet-Comedy Drama Romance-Audi-Documentary;para dos;17822
Agkistrodon piscivorus;bebida;Suzuki-Comedy-Chevrolet-Crime Drama;personal;15256
Boa constrictor mexicana;adicional;Chevrolet-Drama Mystery Thriller-Buick-Action Adventure Comedy Crime;para dos;15429
Hyaena brunnea;adicional;Lamborghini-Comedy Drama Romance-Lincoln-Romance Thriller;personal;15173
Zenaida asiatica;plato principal;Kia-Action Crime Drama Romance Thriller-Pontiac-Adventure Crime Thriller;personal;7086
Mephitis mephitis;bebida;Bentley-Documentary-Honda-Comedy Western;personal;8667
Microcebus murinus;plato principal;Nissan-Documentary-Volvo-Children Comedy;para dos;7616
Lama guanicoe;postre;GMC-Drama Romance-Bentley-Comedy;para dos;19154
Haematopus ater;postre;Pontiac-Children Comedy-Chevrolet-Documentary;personal;7008
Amblyrhynchus cristatus;entrada;Mazda-Comedy Drama-Nissan-Comedy;personal;13524
Limosa haemastica;adicional;Ford-Drama-Hummer-Drama;personal;17877
Dacelo novaeguineae;adicional;Audi-Drama-Chevrolet-Drama;personal;12707
Felis serval;postre;Chevrolet-Children Comedy-Infiniti-Action Fantasy Sci Fi Thriller War;para dos;13182
Capra ibex;adicional;Chevrolet-Adventure-Volvo-Action Animation Comedy Sci Fi Western;personal;14963
Geochelone elephantopus;plato principal;Volkswagen-Drama Romance-Chevrolet-Drama;personal;7141
Felis rufus;entrada;Nissan-Horror-Volvo-Drama;para dos;11427
